,gpu_usage,cpu_usage_avg,gpu_temp,cpu_temp,tj_temp,power_tot,power_model,RAM,SWAP,elapsed_time
0,3.9,6.875,59.75,63.156,63.781,10007.0,3725.0,0.5588737033178844,0.6051167500297427,0.12916970252990723
1,0.0,30.0,59.625,62.937,63.593,8695.0,2648.0,0.562195704652773,0.6051014912370423,1.098031997680664
2,0.0,29.5,59.562,62.812,63.562,8775.0,2648.0,0.5667852264008534,0.6051014912370423,2.117814302444458
3,16.2,22.375,59.406,62.812,63.593,8534.0,2768.0,0.572089849232439,0.6051014912370423,3.1029374599456787
4,0.0,22.875,59.531,62.656,63.718,8494.0,2447.0,0.5721275255281855,0.6051014912370423,4.108994007110596
5,0.0,21.75,59.406,62.656,63.718,8453.0,2728.0,0.5741133906794833,0.6050862324443418,5.10359001159668
6,2.9,23.125,59.593,62.843,63.656,8534.0,2849.0,0.5784316930005676,0.6050862324443418,6.106041193008423
7,0.0,23.125,59.406,62.593,63.687,8494.0,2447.0,0.5779411526201867,0.6050862324443418,7.118722200393677
8,0.0,23.625,59.531,62.906,63.625,8453.0,2688.0,0.5789272236187958,0.6050709736516413,8.110156297683716
9,31.5,20.875,59.406,62.75,63.656,8494.0,2768.0,0.5816993007429216,0.6050709736516413,9.116189956665039
10,0.0,23.0,59.531,62.5,63.593,8332.0,2608.0,0.5819632843250392,0.6050557148589408,10.116996765136719
11,0.0,22.25,59.437,62.812,63.562,8534.0,2447.0,0.5834875524754699,0.6050557148589408,11.118618488311768
12,16.4,25.375,59.843,62.687,63.687,8413.0,2528.0,0.5863918709025469,0.6050557148589408,12.122652530670166
13,0.0,22.125,59.437,62.625,63.687,8332.0,2568.0,0.5850135672091471,0.6050557148589408,13.118738651275635
14,0.0,24.0,59.593,62.687,63.562,8453.0,2728.0,0.5824944951438747,0.6050557148589408,14.120398759841919
15,35.4,23.125,59.406,62.75,63.593,8453.0,2768.0,0.5841552462994267,0.6050557148589408,15.127186059951782
16,0.0,22.75,59.593,62.906,63.593,8453.0,2768.0,0.5846520244771166,0.6050557148589408,16.118226528167725
17,0.0,22.5,59.375,62.718,63.75,8453.0,2528.0,0.5853598897157436,0.6050557148589408,17.13764977455139
18,34.1,24.5,59.562,63.093,63.593,8413.0,2367.0,0.5863474577857067,0.6050557148589408,18.145689249038696
19,0.0,24.75,59.312,62.937,63.656,8494.0,2768.0,0.5862112242924779,0.6050557148589408,19.145463466644287
20,0.0,27.5,59.406,62.593,63.625,7970.0,2327.0,0.586899877115393,0.6050557148589408,20.152702808380127
21,16.7,27.75,59.343,62.562,63.781,7648.0,2049.0,0.5883240909969871,0.6050557148589408,21.16325283050537
22,0.0,30.125,59.312,62.437,63.718,7729.0,2089.0,0.5872224959922152,0.6050557148589408,22.267913818359375
23,0.0,30.375,59.343,62.468,63.562,7729.0,2089.0,0.5872701527636561,0.6050557148589408,23.153833627700806
24,33.6,28.75,59.25,62.718,63.593,7729.0,2130.0,0.5884186560041919,0.6050404560662404,24.168347597122192
25,0.0,27.5,59.187,62.437,63.687,7527.0,1969.0,0.5871167029498543,0.6050404560662404,25.16318368911743
26,0.0,27.5,59.468,62.375,63.531,7688.0,2089.0,0.5874964600500271,0.6050251972735399,26.16241145133972
27,30.5,27.25,59.437,62.593,63.625,8051.0,2407.0,0.5883520363289315,0.6050251972735399,27.15012550354004
28,0.0,28.875,59.593,62.656,63.625,8413.0,2768.0,0.5891819128829228,0.6050251972735399,28.16107416152954
29,0.0,24.25,59.406,62.718,63.656,8373.0,2808.0,0.5893126571145197,0.6050251972735399,29.16887140274048
30,14.5,29.375,59.468,62.906,63.75,8775.0,3089.0,0.5898146750419492,0.6050251972735399,30.151742696762085
31,0.0,23.75,59.656,62.875,63.593,8373.0,2808.0,0.5889386387878712,0.6050251972735399,31.15974473953247
32,0.0,24.25,59.343,63.187,63.562,8453.0,2889.0,0.5891250241714646,0.6050099384808394,32.161168336868286
33,0.0,22.625,59.531,63.062,63.562,8332.0,2728.0,0.5895589253522796,0.6050099384808394,33.15420889854431
34,0.0,25.125,59.375,62.937,63.5,8534.0,2849.0,0.5888051499254583,0.6050099384808394,34.166077613830566
35,0.0,25.625,59.562,63.0,63.562,8574.0,2808.0,0.5884762932513271,0.6050099384808394,35.17390847206116
36,0.0,23.0,59.656,63.062,63.625,8655.0,2849.0,0.5899838441049696,0.6050099384808394,36.17353439331055
37,0.0,24.625,59.656,63.0,63.781,8534.0,2808.0,0.5886514505997642,0.6050099384808394,37.1860830783844
38,0.0,24.375,59.718,63.25,63.656,8655.0,2849.0,0.5885546399855283,0.6050099384808394,38.16995668411255
39,7.1,24.125,59.593,62.593,63.687,8655.0,2608.0,0.5889890401901281,0.6050099384808394,39.195460081100464
40,0.0,24.375,59.406,62.656,63.562,8252.0,2327.0,0.5885451585336187,0.6050099384808394,40.17194414138794
41,0.0,24.625,59.656,63.062,63.593,8534.0,2768.0,0.5887362846431669,0.6050099384808394,41.182018756866455
42,0.0,25.5,59.375,62.687,63.625,8171.0,2287.0,0.6474092556436472,0.6050099384808394,42.18423414230347
43,0.0,37.375,59.625,63.125,63.593,9324.0,3124.0,0.7899047488350913,0.6050099384808394,43.168473958969116
44,0.0,25.375,59.593,63.062,63.781,8453.0,2728.0,0.865305496123209,0.6050099384808394,44.175071001052856
45,27.7,38.5,59.375,62.843,63.593,8534.0,2447.0,0.8366705133083405,0.6049946796881389,45.187922954559326
46,0.0,35.125,59.468,63.218,63.812,8775.0,2929.0,0.8129733708432878,0.6049946796881389,46.18801164627075
47,0.0,33.5,59.562,62.906,63.718,9646.0,3245.0,0.8259073188075826,0.6049946796881389,47.19586944580078
48,1.6,68.625,59.593,63.312,63.781,9404.0,3525.0,0.8468777953129191,0.6049794208954384,48.1960928440094
49,0.0,43.0,59.875,63.625,63.75,9445.0,3485.0,0.9305119360251508,0.6096707843949281,49.27917122840881
50,87.9,40.25,62.406,63.437,63.843,15224.0,7603.0,0.9150486860079968,0.6183961912146071,50.20122218132019
51,3.6,31.5,62.312,64.343,64.187,18040.0,7273.0,0.9175435554197102,0.6183961912146071,51.208553314208984
52,99.2,32.75,62.593,63.906,64.437,16960.0,7829.0,0.9168940759638956,0.6183809324219066,52.19307279586792
53,98.4,31.875,63.156,64.718,64.718,19888.0,8531.0,0.9231343683918335,0.6183809324219066,53.20147252082825
54,99.6,25.0,63.468,64.468,64.593,17800.0,8147.0,0.9247883827262917,0.6183656736292061,54.19902515411377
55,78.6,25.375,64.25,65.0,65.0,18809.0,8967.0,0.8588748261214,0.6183656736292061,55.19590878486633
56,99.8,20.625,64.156,64.5,65.125,17320.0,8544.0,0.8626649117663571,0.6183656736292061,56.21859622001648
57,99.9,18.0,64.25,64.312,65.187,17680.0,9379.0,0.8631694248127101,0.6183656736292061,57.23995661735535
58,97.4,19.25,64.25,64.062,65.187,15144.0,8518.0,0.8629985091664432,0.6183656736292061,58.250826358795166
59,99.8,38.125,62.218,64.156,65.093,11757.0,4840.0,0.863852338862101,0.6183504148365057,59.255903005599976
60,0.0,37.625,61.468,64.531,64.937,9485.0,3325.0,0.920608309993575,0.6183504148365057,60.21196508407593
61,0.0,38.125,61.437,64.187,65.0,9284.0,3285.0,0.9632795843131873,0.6256319583969017,61.28243851661682
62,0.0,55.0,60.843,64.406,64.937,8775.0,2889.0,0.9670746601959916,0.6525854236091193,63.03093218803406
63,0.0,63.125,61.0,64.625,64.906,9163.0,3170.0,0.9680447624334895,0.6777121252327264,63.41436195373535
64,0.0,77.375,60.906,64.187,64.812,9203.0,3285.0,0.968727426970988,0.7292687247440158,67.31571531295776
65,0.0,6.875,60.843,65.218,65.281,10007.0,3966.0,0.9686880040919951,0.7952680099649453,68.7170238494873
66,13.6,81.5,61.062,65.187,65.187,11052.0,4840.0,0.932071135840512,0.8069865243402777,69.17857384681702
67,99.8,81.25,62.718,65.5,65.5,16400.0,8823.0,0.9655673588542414,0.8122143297706437,70.32268834114075
68,0.0,61.375,61.687,64.812,65.25,11133.0,4600.0,0.969692788482531,0.8136610540535579,71.52679944038391
69,0.0,71.75,61.218,65.312,65.5,10731.0,4640.0,0.9645942624740351,0.833816011861804,72.37171626091003
70,99.6,70.125,63.281,65.718,65.625,16680.0,8783.0,0.9459522309482076,0.8337092003129006,73.39214873313904
71,0.0,56.125,61.937,65.625,65.687,12881.0,6070.0,0.9451849818791989,0.8336939415202002,74.24071621894836
72,0.0,47.25,61.875,65.656,65.562,10771.0,4560.0,0.9657604810589284,0.834786614128736,75.48402333259583
73,99.8,60.875,63.187,65.812,65.562,16080.0,8280.0,0.9441607355610587,0.834786614128736,76.51063084602356
74,0.0,57.75,62.218,65.468,65.718,13001.0,6110.0,0.9431619394559393,0.834786614128736,77.34350538253784
75,0.0,56.125,61.937,65.875,66.125,11356.0,4960.0,0.9652133014789818,0.8357779588169953,78.20512199401855
76,99.8,63.5,63.031,65.062,65.625,13661.0,6020.0,0.9435214860928309,0.8357812966778986,79.61866664886475
77,0.0,42.875,62.437,65.968,66.062,13242.0,6269.0,0.9443972728350165,0.8357507790924976,80.3038547039032
78,0.0,63.0,62.0,65.468,65.75,10490.0,4400.0,0.9628349541210008,0.8374342530809052,81.69969081878662
79,99.8,73.0,64.25,66.375,66.218,19049.0,10316.0,0.9451313368223413,0.8374342530809052,82.23383212089539
80,0.2,42.75,62.531,66.25,66.25,13661.0,6618.0,0.9448616144666995,0.8374189942882048,83.32608199119568
81,0.0,75.125,62.093,66.375,66.281,11476.0,5200.0,0.9628451841085875,0.8417789558837309,84.44150924682617
82,99.8,74.25,64.031,66.343,66.343,17840.0,8862.0,0.9452478588760737,0.8394138430151565,85.38697385787964
83,0.0,45.25,62.781,66.312,66.156,13442.0,6269.0,0.9460762383587108,0.8390171144049441,86.29568099975586
84,0.0,49.75,62.531,66.343,66.406,10490.0,4326.0,0.9611849319768203,0.844370328037817,87.5198917388916
85,99.8,69.625,64.093,66.468,66.656,16800.0,8664.0,0.9433460792325015,0.844370328037817,88.39403009414673
86,0.0,47.0,62.687,66.062,66.343,11476.0,4800.0,0.9455160841603613,0.8443550692451165,89.5582287311554
87,99.8,45.875,63.812,66.406,66.843,13202.0,6269.0,0.94004703299171,0.8465754620016722,90.4110758304596
88,99.8,48.625,63.343,65.75,66.468,12239.0,4992.0,0.9419577950634072,0.8465754620016722,91.82737493515015
89,0.0,42.625,62.75,66.468,66.687,11757.0,4800.0,0.9449259885349286,0.8465907207943727,92.28330945968628
90,0.0,50.0,62.437,66.187,66.218,10048.0,4086.0,0.9596691472307299,0.8521527891523335,93.37132692337036
91,99.5,78.25,64.281,66.718,66.625,18450.0,9681.0,0.9399794152688803,0.852137530359633,94.30224657058716
92,0.0,48.625,62.937,66.781,66.781,12840.0,6150.0,0.9389282216663651,0.852137530359633,95.26187753677368
93,0.0,45.875,63.375,66.718,66.656,10892.0,4480.0,0.9578150243585984,0.8538977751488149,96.542396068573
94,99.7,67.875,64.343,66.656,66.5,17040.0,9101.0,0.9380269847111588,0.8538977751488149,97.40462398529053
95,0.0,41.375,63.218,66.437,66.562,12600.0,5511.0,0.9378251295902391,0.8538825163561145,98.33883261680603
96,99.8,38.5,64.75,66.687,66.718,12961.0,5990.0,0.9339699213413759,0.855934823974329,99.62104344367981
97,99.8,71.375,64.25,66.906,66.687,16560.0,8743.0,0.9363589977107284,0.855934823974329,100.53327822685242
98,4.1,54.25,63.437,66.781,66.718,12720.0,5830.0,0.9364123932556936,0.855934823974329,101.34074354171753
99,0.0,41.5,62.906,66.25,66.593,9887.0,3926.0,0.9550122572717122,0.8581652303135944,102.72836637496948
100,99.9,67.875,64.875,67.031,67.187,18729.0,10158.0,0.9344392532109062,0.8581652303135944,103.31937766075134
101,0.6,44.5,63.312,67.031,67.0,13282.0,6269.0,0.9352127400772239,0.8581652303135944,104.31677460670471
102,0.0,47.875,63.0,66.781,66.718,9806.0,3806.0,0.9520236038250173,0.8602590227744633,105.5526442527771
103,99.8,67.75,65.906,67.156,67.125,18330.0,10118.0,0.9318745204693318,0.8602285051890624,106.2692518234253
104,6.5,35.5,63.843,66.718,66.906,12800.0,5750.0,0.9327770049840001,0.8602132463963619,107.30132174491882
105,0.0,45.75,63.25,66.906,66.875,10088.0,4006.0,0.9534568001347364,0.862588372847646,108.65473175048828
106,99.4,59.125,65.843,67.093,67.0,18570.0,9800.0,0.9288945999388696,0.8625731140549455,109.3651442527771
107,0.0,36.25,63.718,66.875,67.031,13081.0,5830.0,0.9279966066382639,0.8625731140549455,110.47970700263977
108,0.0,43.375,63.281,66.468,66.937,10168.0,4086.0,0.9487744599626979,0.8645112191465424,111.65700078010559
109,99.4,54.25,64.75,67.281,67.031,17240.0,8703.0,0.9270399780429535,0.8644807015611414,112.44303059577942
110,0.0,38.875,63.562,66.937,67.187,12961.0,5750.0,0.9268343802436484,0.8644807015611414,113.48011493682861
111,0.0,43.75,63.281,67.031,67.093,10449.0,4246.0,0.9486065384591393,0.8656453765977327,114.39054584503174
112,99.8,50.5,64.468,66.531,67.187,14463.0,6459.0,0.9251419410777666,0.8656453765977327,115.7221212387085
113,0.0,36.5,63.781,67.312,67.218,12840.0,5870.0,0.9258353346266367,0.8656301178050322,116.32001638412476
114,0.0,48.75,65.5,67.5,67.5,13782.0,6499.0,0.9237848458952175,0.8656143821750598,117.59409689903259
115,99.7,48.5,65.062,67.125,67.156,15624.0,7762.0,0.9253320691397454,0.8656143821750598,118.68969130516052
116,15.4,64.875,63.812,67.406,67.312,12680.0,5870.0,0.9261447293731637,0.8656143821750598,119.39574241638184
117,99.8,44.25,65.156,67.375,67.625,13402.0,6339.0,0.9244043839239487,0.8655686057969584,120.42514395713806
118,99.8,44.875,64.031,67.187,67.187,12078.0,5191.0,0.9248390336404408,0.8655533470042579,121.92559123039246
119,0.0,65.625,63.75,67.468,67.531,11918.0,4880.0,0.9255648637353178,0.8655533470042579,122.42294216156006
120,99.7,54.0,65.781,67.5,67.343,15720.0,7881.0,0.9210180085208312,0.8655380882115574,123.5398941040039
121,99.8,39.25,64.562,66.937,67.218,13081.0,5591.0,0.9219319705825479,0.8655380882115574,124.68870449066162
122,0.0,46.25,63.5,67.156,67.25,10248.0,4046.0,0.9449486941171333,0.8655075706261565,125.70482778549194
123,99.6,60.0,66.75,68.031,68.031,19448.0,10537.0,0.9175952043814288,0.8655075706261565,126.40804314613342
124,0.2,48.0,64.343,67.687,67.656,14222.0,6897.0,0.9173229869068634,0.865492311833456,127.53292632102966
125,0.0,45.375,64.531,67.531,67.593,11133.0,4600.0,0.939663034189367,0.865492311833456,128.64844059944153
126,99.8,56.625,66.062,67.812,67.812,18051.0,9245.0,0.917990431218928,0.8654770530407555,129.4540138244629
127,0.0,53.375,64.187,67.812,67.812,13121.0,6349.0,0.9171954863298672,0.8654770530407555,130.4951024055481
128,0.0,63.5,63.843,67.562,67.5,10731.0,4320.0,0.9390963926818162,0.8654465354553545,131.3638014793396
129,99.8,54.25,65.375,67.187,67.687,14743.0,6937.0,0.9161951931533937,0.8654312766626541,132.68347334861755
130,0.0,44.25,64.343,67.75,67.75,12479.0,5830.0,0.9167366339598161,0.8654312766626541,133.43619298934937
131,0.0,49.25,63.906,67.906,67.656,10168.0,4126.0,0.9393708557634128,0.8654312766626541,134.62499475479126
132,99.6,62.75,65.625,67.687,67.75,16600.0,8624.0,0.9190885330572068,0.8653397239064512,135.62996315956116
133,8.1,47.25,64.656,68.281,68.218,13242.0,6110.0,0.918625688496878,0.8653397239064512,136.38513731956482
134,99.8,45.375,65.875,67.937,67.937,13701.0,6379.0,0.918955792730471,0.8653244651137507,137.52182459831238
135,99.8,38.75,64.531,67.406,67.687,12239.0,4992.0,0.9200084834043403,0.8653244651137507,138.92859625816345
136,0.0,50.375,64.343,68.593,68.343,12399.0,5031.0,0.9221385664294225,0.8653092063210502,139.36782908439636
137,99.8,48.875,66.031,67.937,68.0,14222.0,6818.0,0.918998708775957,0.8653092063210502,140.45325779914856
138,99.7,52.0,65.0,67.875,68.031,14583.0,7097.0,0.9199665654064236,0.8653092063210502,141.86933159828186
139,0.0,52.125,64.281,67.718,67.812,11173.0,4600.0,0.9420750656528166,0.8653092063210502,142.67138695716858
140,99.6,55.625,66.687,68.406,68.5,17400.0,9141.0,0.9218082126839371,0.8653092063210502,143.43630480766296
141,99.8,41.75,65.343,67.937,67.968,14382.0,6897.0,0.9231331208323716,0.8653092063210502,144.5994176864624
142,0.0,54.25,64.375,68.031,68.062,10811.0,4320.0,0.9444070037988186,0.8652939475283498,145.51435899734497
143,99.6,59.875,66.937,68.5,68.5,17600.0,9300.0,0.9262278168333198,0.8652939475283498,146.40038919448853
144,54.3,51.625,65.093,68.593,68.593,15584.0,7722.0,0.9295303562406043,0.8652481711502483,147.61792945861816
145,15.6,67.875,64.562,68.437,68.156,11677.0,4720.0,0.9465006580876161,0.8652023947721469,148.42390847206116
146,99.8,61.5,66.281,67.937,68.312,16920.0,8743.0,0.9261359964569311,0.8666441122637063,149.64823937416077
147,99.8,34.25,65.656,68.375,68.375,14382.0,7017.0,0.9271460205972067,0.8666441122637063,150.57483911514282
148,0.0,59.875,64.406,68.125,68.281,10691.0,4360.0,0.9536838559567845,0.867022244220315,151.80908346176147
149,99.6,54.875,66.718,69.093,68.843,15720.0,7881.0,0.9268613275280233,0.8694548295628618,152.44896388053894
150,99.8,44.75,65.062,68.25,68.25,13701.0,6459.0,0.9263750288498126,0.8694395707701613,153.73274779319763
151,32.8,54.125,64.625,68.156,68.281,10972.0,4360.0,0.9404534878643653,0.870576827663619,154.6743462085724
152,99.8,43.375,65.25,68.468,68.468,11133.0,4760.0,0.9221657632256898,0.8715674570959704,155.51856541633606
153,99.5,63.125,66.312,68.531,68.343,15720.0,7961.0,0.9249051542919164,0.8715521983032699,156.53199815750122
154,0.0,58.25,65.0,68.343,68.375,12319.0,5551.0,0.9246022468545907,0.8715521983032699,157.50022625923157
155,0.0,42.875,66.125,68.656,68.593,12800.0,5910.0,0.9241122054979946,0.8715612582114358,158.67001390457153
156,99.8,57.375,66.312,68.625,68.562,16200.0,8280.0,0.9267066301547597,0.8715459994187353,159.44362425804138
157,1.9,61.0,65.25,68.375,68.562,12640.0,5830.0,0.926632774634621,0.8715459994187353,160.46811151504517
158,99.8,41.625,66.375,68.687,68.781,13701.0,6539.0,0.9257874283433034,0.8715459994187353,161.67161464691162
159,99.8,53.25,66.562,68.281,68.406,14983.0,7364.0,0.9293726647246324,0.8715307406260349,162.95281076431274
160,0.0,58.75,64.937,68.531,68.625,12560.0,5630.0,0.9277286308658687,0.8715307406260349,163.47122883796692
161,99.8,46.5,67.156,68.906,68.968,14342.0,6937.0,0.9292746065509347,0.8715307406260349,164.68523383140564
162,99.8,43.375,65.5,67.843,68.437,12640.0,5271.0,0.9149072127650284,0.8715154818333344,165.92143321037292
163,0.0,42.25,65.312,68.656,68.625,11918.0,4800.0,0.9236887838166586,0.8715154818333344,166.52955079078674
164,99.8,52.875,68.375,69.187,69.062,19209.0,9721.0,0.9147857004734489,0.8715154818333344,167.6399257183075
165,0.0,38.625,65.531,69.093,68.875,14302.0,6738.0,0.9150172475095594,0.8715154818333344,168.6452615261078
166,0.0,55.375,65.093,68.656,68.812,11052.0,4600.0,0.9356491363769626,0.8715154818333344,169.676744222641
167,99.6,53.875,66.25,68.5,68.812,15504.0,7046.0,0.9152500421051318,0.8714849642479334,170.7639446258545
168,0.0,50.25,65.218,69.218,69.5,12680.0,5950.0,0.9154242014059996,0.8714849642479334,171.54686331748962
169,0.0,55.875,65.125,68.718,68.687,10932.0,4520.0,0.9358769407346877,0.871469705455233,172.5703649520874
170,99.8,67.125,66.687,69.031,68.906,16359.0,8346.0,0.9160983825391578,0.8710729768450205,173.67501711845398
171,0.0,52.125,65.312,68.687,68.781,11596.0,4720.0,0.9256981030858383,0.8709661652961171,174.71024990081787
172,99.6,52.75,67.843,69.218,69.406,17851.0,9324.0,0.9178504550473137,0.8709661652961171,175.61074209213257
173,99.8,44.875,66.375,69.093,69.093,14943.0,7245.0,0.9178863847598137,0.8709661652961171,176.6517369747162
174,0.4,52.625,65.156,68.656,68.75,10851.0,4440.0,0.938797976458553,0.8709661652961171,177.54930210113525
175,99.8,63.25,67.781,69.406,69.406,17891.0,9562.0,0.9162326199372478,0.8709661652961171,178.42751169204712
176,1.1,45.625,65.968,69.593,69.343,13581.0,6299.0,0.9176747986750918,0.8709661652961171,179.65429139137268
177,0.0,48.375,66.687,69.218,69.125,12840.0,5910.0,0.9256566841117064,0.8709509065034167,180.7660036087036
178,99.8,49.875,66.5,68.656,69.125,14142.0,6180.0,0.9177274456843799,0.8709509065034167,181.9643669128418
179,0.0,41.125,65.687,69.0,69.125,12359.0,5031.0,0.9224020509877552,0.8709509065034167,182.6318278312683
180,99.8,50.125,67.031,69.468,69.437,13942.0,6618.0,0.9201060425542532,0.8709509065034167,183.5155861377716
181,99.8,52.875,66.093,68.781,69.0,13782.0,6379.0,0.9219781302826346,0.8709356477107162,184.98012924194336
182,0.0,57.5,65.593,69.406,69.312,11476.0,4760.0,0.9258859855407858,0.8709051301253152,185.6729862689972
183,99.8,51.125,67.5,69.687,69.406,16720.0,8584.0,0.9214062490253442,0.8709051301253152,186.70133066177368
184,99.8,57.875,66.75,69.343,69.281,15600.0,7921.0,0.9243642125092787,0.8709051301253152,187.88843202590942
185,0.0,55.875,65.562,69.5,69.781,12399.0,5311.0,0.9312382651438125,0.8718213729432518,188.5430669784546
186,99.8,52.25,66.406,69.656,69.656,12800.0,5910.0,0.9222990025762103,0.8723184757991972,189.46510529518127
187,99.8,64.5,67.062,69.5,69.5,16000.0,8160.0,0.9241800727327166,0.8723032170064967,190.62981414794922
188,0.0,59.5,65.718,69.625,69.625,11877.0,5000.0,0.930664387791383,0.8727640802297784,191.60558938980103
189,99.6,52.125,67.656,69.5,69.687,15264.0,7603.0,0.9199490995739584,0.8728646928941471,192.6328408718109
190,99.8,64.25,66.875,69.312,69.281,15840.0,8001.0,0.9213753095506915,0.8728646928941471,193.57659316062927
191,22.5,74.125,65.875,69.437,69.218,11877.0,5280.0,0.9237169786604954,0.8728646928941471,194.61110067367554
192,0.0,48.875,65.343,69.218,69.125,10610.0,4280.0,0.9478537610798875,0.8743960557928219,195.52816200256348
193,99.7,71.375,67.343,69.531,69.437,18450.0,9840.0,0.9243814288298516,0.8743960557928219,196.6176152229309
194,0.1,50.0,66.187,69.468,69.468,14423.0,7296.0,0.923755403491919,0.8743807970001214,197.57339692115784
195,0.0,61.875,65.531,69.343,69.187,11195.0,4560.0,0.9482864147012406,0.8745047746908128,198.5454032421112
196,99.7,72.375,67.687,70.062,70.187,18729.0,9999.0,0.9223766007747344,0.8745352922762137,199.48147416114807
197,0.0,51.0,65.906,69.656,69.875,13741.0,6459.0,0.9224519533662273,0.8745352922762137,200.7151792049408
198,0.0,53.5,65.656,69.906,69.937,11436.0,4960.0,0.9435521760555913,0.8745684324666101,201.47826743125916
199,99.3,63.625,67.218,69.406,69.531,16760.0,8147.0,0.9228988291654451,0.8745684324666101,202.64843487739563
200,0.0,58.75,66.031,70.343,70.5,14022.0,6937.0,0.9217066613437463,0.8745684324666101,203.45843839645386
201,0.0,50.875,66.718,69.468,69.531,12198.0,5391.0,0.9211030920761261,0.8745684324666101,204.6882529258728
202,99.4,59.25,66.968,69.437,69.406,15384.0,7364.0,0.9236249087722144,0.8745684324666101,205.84475374221802
203,0.0,60.25,66.0,69.906,69.906,13161.0,6389.0,0.9229824156493859,0.8745684324666101,206.51066708564758
204,0.0,59.0,66.187,69.781,69.656,11717.0,5200.0,0.9210526906738692,0.8745379148812091,208.05075764656067
205,99.8,82.5,67.562,69.75,69.593,17800.0,9205.0,0.9231523332480834,0.8745379148812091,208.57435011863708
206,0.0,59.5,66.312,70.5,70.25,13782.0,6897.0,0.9227571064105843,0.8745226560885087,209.66980385780334
207,0.0,55.0,66.093,69.5,69.437,10932.0,4480.0,0.9465602914298903,0.8745226560885087,211.0876166820526
208,99.8,71.25,67.812,70.312,70.25,19209.0,10260.0,0.9231171520712605,0.8745073972958082,211.47143530845642
209,0.0,50.875,66.406,69.937,69.75,13862.0,6499.0,0.9237197232913114,0.8744768797104072,212.59180808067322
210,99.7,50.125,68.281,69.968,69.906,14783.0,7324.0,0.922830961930723,0.8744463621250063,213.6034231185913
211,99.7,58.375,67.5,69.593,69.625,16680.0,8227.0,0.9248886865070206,0.8744463621250063,214.78421998023987
212,0.0,75.5,66.062,70.406,70.406,12961.0,6110.0,0.9230168482905317,0.8743853269542043,215.50820803642273
213,0.0,49.75,66.562,69.562,69.687,11436.0,4880.0,0.9224374816764704,0.8744005857469048,216.82065272331238
214,99.8,63.5,67.468,70.0,69.812,17720.0,9047.0,0.9244208517088446,0.8744005857469048,217.7465169429779
215,0.0,58.5,66.343,70.75,71.031,13421.0,6459.0,0.9239120969603214,0.8744005857469048,218.48952984809875
216,0.0,56.125,67.562,70.125,70.125,13782.0,6578.0,0.9233629212852358,0.8744196592377804,219.68006229400635
217,99.6,54.125,67.625,69.906,69.906,15880.0,7802.0,0.9250039610012912,0.8744196592377804,220.87439513206482
218,0.0,56.25,66.125,70.093,70.031,12479.0,5311.0,0.9379443962747874,0.8744196592377804,221.68910884857178
219,99.7,62.75,68.75,70.468,70.468,19089.0,10078.0,0.9244016392931328,0.8744044004450799,222.53496479988098
220,0.2,50.0,66.718,70.343,70.187,14423.0,6857.0,0.9232538845882742,0.8744044004450799,223.75295209884644
221,19.9,58.25,66.0,69.718,69.687,11316.0,4880.0,0.9484463518242439,0.8744501768231814,224.7039430141449
222,99.8,63.75,68.031,70.343,70.437,18130.0,9126.0,0.9261816571332331,0.8744501768231814,225.76739525794983
223,6.2,52.625,66.687,70.531,70.437,13942.0,6539.0,0.9262502729036323,0.8744501768231814,226.5259485244751
224,0.0,52.75,66.25,69.937,69.875,10851.0,4640.0,0.9467990743108794,0.8790149400269842,227.85110068321228
225,99.8,61.0,67.687,70.468,70.343,18809.0,9761.0,0.9225966702637964,0.8789996812342837,228.67285108566284
226,0.0,53.25,66.687,70.593,70.593,14342.0,6937.0,0.9217151447480866,0.8789996812342837,229.4985659122467
227,0.0,59.75,66.125,69.812,69.781,10972.0,4640.0,0.9402955468365011,0.880598278188295,230.69649648666382
228,99.6,74.875,69.0,71.0,71.0,20015.0,11052.0,0.9235483086212597,0.880598278188295,231.46921491622925
229,0.0,55.5,66.875,70.187,70.125,13362.0,6100.0,0.922821979502598,0.880598278188295,232.65450978279114
230,0.0,56.0,66.187,70.062,70.218,11637.0,4920.0,0.9396792524623705,0.8823678213042787,233.41693449020386
231,99.7,55.875,68.531,70.562,70.562,18250.0,9681.0,0.9198797352678822,0.8828341681561871,234.66002893447876
232,20.8,56.375,66.562,70.187,70.093,13421.0,6499.0,0.9205516707940092,0.8828596789502332,235.97390842437744
233,0.0,60.5,66.187,69.968,70.187,11436.0,4760.0,0.9339212665223656,0.884252282202788,236.8197386264801
234,99.5,52.25,67.687,70.125,70.156,13902.0,6618.0,0.9221605234759501,0.8854071820753054,237.70117664337158
235,99.3,48.625,67.718,70.031,70.093,15520.0,7921.0,0.918127413247834,0.8854071820753054,238.89151811599731
236,7.5,55.0,66.531,70.156,70.281,12479.0,5431.0,0.9219217405949611,0.8856005395890568,239.60067176818848
237,0.0,51.5,66.156,69.718,69.781,10289.0,4206.0,0.9445412411969085,0.8880991668937604,240.94279146194458
238,99.5,63.125,69.437,70.562,70.781,19289.0,10419.0,0.9202939250092007,0.8880991668937604,241.57521033287048
239,1.4,50.125,66.875,70.343,70.343,14423.0,7216.0,0.9218002283033815,0.8880991668937604,242.67512202262878
240,5.7,58.875,66.281,70.218,70.093,11316.0,4760.0,0.9399332555687936,0.8891083929797156,243.76026797294617
241,99.8,69.125,68.718,70.656,70.75,19728.0,10696.0,0.9202709699151036,0.8891083929797156,244.56314206123352
242,12.3,48.125,66.875,70.687,70.75,14102.0,6857.0,0.9213181713273408,0.8890778753943146,245.68403124809265
243,0.0,60.5,66.25,70.5,70.5,11075.0,4720.0,0.9417449614192236,0.8890778753943146,246.86337852478027
244,99.6,68.75,68.031,70.375,70.406,17720.0,8942.0,0.9218498811699612,0.8890778753943146,247.85025787353516
245,0.0,56.25,66.906,71.031,70.687,14062.0,6778.0,0.9212834891743028,0.8890626166016141,248.7437927722931
246,31.2,55.75,66.406,70.187,70.125,11195.0,4880.0,0.944288984673732,0.8890626166016141,249.9021017551422
247,99.3,59.25,68.062,70.531,70.468,17120.0,8664.0,0.9147230729884663,0.8890626166016141,250.87545895576477
248,8.8,52.375,66.687,70.25,70.125,11998.0,4952.0,0.9201561944446177,0.8890626166016141,251.9477698802948
249,99.8,53.25,68.406,70.843,70.812,14863.0,7245.0,0.9135845502236251,0.8890626166016141,252.73483419418335
250,99.5,51.375,67.937,70.281,70.343,16040.0,7842.0,0.9149700897619033,0.8890626166016141,254.04601335525513
251,3.9,66.75,66.875,71.562,71.312,13741.0,6140.0,0.9143463100310019,0.8890626166016141,254.70290279388428
252,99.6,59.625,67.5,70.875,70.875,12881.0,5990.0,0.9142043377642487,0.8890473578089136,255.61967873573303
253,99.8,67.25,68.281,70.75,70.656,16319.0,8266.0,0.9146824025500115,0.8890473578089136,256.9462389945984
254,0.0,62.875,66.843,70.5,70.468,12198.0,5151.0,0.925205816122211,0.8890473578089136,257.75517439842224
255,99.8,59.125,68.593,71.281,71.125,16720.0,8624.0,0.9141841273009674,0.8890473578089136,258.70735454559326
256,99.7,58.0,67.718,70.843,70.75,15304.0,7603.0,0.9156006063138984,0.8890473578089136,259.95168709754944
257,0.0,54.5,66.687,70.968,70.968,12118.0,5191.0,0.9335190533518803,0.8890473578089136,260.7367208003998
258,99.7,65.875,69.187,71.125,71.125,19289.0,10141.0,0.9143313393174602,0.8890320990162132,261.7982943058014
259,0.0,53.625,67.343,71.093,71.187,15544.0,7364.0,0.9138228340808294,0.8890320990162132,262.77304005622864
260,6.0,61.375,66.75,70.593,70.531,11075.0,4720.0,0.9357322238371186,0.8890320990162132,263.99496936798096
261,99.8,62.25,68.625,71.218,71.187,18250.0,9126.0,0.9132317404078272,0.8890168402235127,264.8334481716156
262,0.0,54.375,67.656,71.437,71.437,14743.0,7245.0,0.9135096966559169,0.8890015814308122,265.5835235118866
263,0.0,58.125,66.687,70.625,70.75,10972.0,4600.0,0.9352546580751405,0.8890015814308122,266.6705164909363
264,99.8,59.625,68.281,71.062,70.968,16960.0,8703.0,0.9153156637328227,0.8889863226381117,268.1017551422119
265,9.7,61.25,67.125,71.375,71.375,14423.0,6578.0,0.9158136894699743,0.8889863226381117,268.685772895813
266,99.8,59.5,68.062,71.156,71.031,13282.0,6309.0,0.9138121050694579,0.8889863226381117,269.7814664840698
267,99.8,59.25,67.593,70.875,70.968,15104.0,7324.0,0.9148375989470598,0.8889863226381117,271.07680654525757
268,9.2,60.375,67.25,70.937,71.031,12439.0,5431.0,0.9212198636417508,0.8889863226381117,271.7381224632263
269,99.6,71.125,69.093,71.343,71.312,17000.0,8982.0,0.9144688203701509,0.8889710638454112,272.78785729408264
270,99.8,59.25,68.25,71.125,71.031,17160.0,8385.0,0.9155222595796972,0.8889710638454112,273.94983768463135
271,0.0,70.625,67.156,71.125,71.375,12319.0,5191.0,0.9204628445603289,0.8889710638454112,274.7545704841614
272,99.3,55.25,68.562,71.312,71.218,13782.0,6658.0,0.9162810252443657,0.8889710638454112,275.7772560119629
273,99.2,67.375,68.562,71.0,70.937,16160.0,8306.0,0.9164763930560841,0.8889710638454112,276.9084897041321
274,0.0,69.375,67.187,71.375,71.406,13541.0,6020.0,0.9168456706567777,0.8889252874673098,277.7518849372864
275,0.0,53.875,67.718,71.062,71.156,12239.0,5471.0,0.915318657875531,0.8889252874673098,279.02874755859375
276,99.8,65.5,68.625,71.625,71.343,18370.0,9443.0,0.9162086667955811,0.8889252874673098,279.6025083065033
277,24.5,68.0,67.343,71.531,71.093,12760.0,5790.0,0.9153790397534822,0.8888947698819089,280.8315567970276
278,26.3,49.75,67.625,71.093,71.093,12239.0,5560.0,0.9281992102948606,0.8888947698819089,281.84110713005066
279,99.8,56.0,68.718,70.875,70.812,16400.0,8266.0,0.9129325756488869,0.8888947698819089,282.8084774017334
280,0.0,69.875,67.312,71.312,71.562,13121.0,6190.0,0.9160157941027864,0.8888947698819089,283.8021185398102
281,0.0,48.625,67.718,70.656,70.562,10851.0,4520.0,0.9403132621808586,0.8888795110892084,284.96615767478943
282,99.8,60.125,68.656,71.562,71.25,17680.0,9285.0,0.9125742765714571,0.8888795110892084,285.998911857605
283,0.0,55.125,67.531,71.625,71.375,14503.0,7216.0,0.914451604049578,0.8888795110892084,286.6972951889038
284,30.9,56.5,67.093,71.218,70.968,11516.0,5080.0,0.9426980968480411,0.8888795110892084,287.8247239589691
285,99.1,63.375,68.875,71.125,70.968,17360.0,8703.0,0.9151277812778752,0.8888489935038074,288.9186851978302
286,0.0,53.875,67.343,71.156,71.562,13341.0,5790.0,0.919249218715887,0.8888489935038074,289.82933950424194
287,4.9,54.0,67.718,71.25,71.218,12800.0,5910.0,0.9130942593551366,0.8888184759184065,290.89167952537537
288,99.4,64.625,68.781,71.093,71.031,16760.0,8385.0,0.9138283233424613,0.8888184759184065,292.1352822780609
289,0.0,64.125,67.687,71.375,71.406,13001.0,5790.0,0.9193105986414077,0.8887879583330055,292.7454123497009
290,0.0,55.875,67.218,71.0,70.906,10972.0,4600.0,0.9438213993874484,0.8887879583330055,294.0468418598175
291,99.8,64.125,68.812,71.625,71.562,17640.0,9166.0,0.9147238215241434,0.8887421819549041,294.81205773353577
292,0.0,55.625,67.875,71.812,71.75,14342.0,7256.0,0.9157083954513981,0.8887421819549041,295.6818959712982
293,2.3,61.75,67.312,71.187,71.187,11155.0,4760.0,0.9441904274762496,0.8887421819549041,297.0413098335266
294,99.8,59.625,68.937,71.25,71.125,16720.0,8306.0,0.9217393474016455,0.8887421819549041,298.06596660614014
295,0.0,58.125,67.968,72.0,71.906,14102.0,6698.0,0.9219783797945269,0.8887421819549041,298.77102303504944
296,25.1,58.375,67.375,71.281,71.25,11637.0,5200.0,0.9462304367081896,0.8886353704060007,299.75765085220337
297,99.6,77.25,69.031,71.781,71.593,18849.0,9840.0,0.9234098295209996,0.8885285588570974,300.8487455844879
298,17.9,55.0,67.906,72.0,72.031,15224.0,7563.0,0.9233826327247322,0.8885133000643969,301.8603494167328
299,10.3,72.625,67.468,72.125,72.531,13161.0,6030.0,0.9455085988035905,0.8885133000643969,303.0532605648041
300,99.8,74.375,69.093,72.0,72.031,19408.0,10062.0,0.925249480703374,0.8884980412716964,303.87682914733887
301,5.9,60.0,68.187,72.125,72.468,15800.0,7762.0,0.9252651999525927,0.8884980412716964,304.84376978874207
302,7.1,70.625,67.75,72.406,72.031,12640.0,5750.0,0.9453798506671324,0.8884980412716964,305.9122474193573
303,99.8,75.625,69.218,72.218,72.218,18570.0,9364.0,0.9238928845446096,0.8884980412716964,306.8826308250427
304,5.9,69.125,68.031,72.906,72.593,14503.0,7057.0,0.9248659809248159,0.8884827824789959,307.85387134552
305,0.0,66.0,67.937,72.218,72.437,12359.0,5471.0,0.947018145752372,0.8884827824789959,308.9823088645935
306,99.8,74.875,69.812,72.093,72.406,19089.0,9800.0,0.9211150686469594,0.8884827824789959,309.7825150489807
307,0.0,69.625,68.343,72.656,72.5,15384.0,7483.0,0.9250309082856661,0.8871094911359527,310.86944103240967
308,9.2,88.125,67.75,71.593,71.843,12359.0,5311.0,0.9435087609863205,0.8847596370600789,311.90468668937683
309,99.7,83.125,70.343,72.562,72.562,19928.0,10617.0,0.9265968449221211,0.8855452264655176,312.83391642570496
310,0.0,61.25,68.468,72.281,72.062,15504.0,7444.0,0.9273094508867029,0.8853926385385128,314.2631664276123
311,0.0,74.125,67.781,71.625,71.843,12118.0,5231.0,0.9361122304491838,0.8854067052380336,314.710764169693
312,99.8,66.125,70.062,72.125,72.281,16760.0,8703.0,0.9292868326336604,0.8855645383750291,315.8119487762451
313,99.8,57.125,68.843,72.062,71.687,15760.0,7682.0,0.929166817413435,0.8855645383750291,316.99445128440857
314,0.0,58.375,67.906,71.75,71.625,11837.0,5000.0,0.9441412736334546,0.8866955963839522,317.94913816452026
315,99.7,80.25,69.75,73.0,73.0,17971.0,9681.0,0.9225315476598903,0.8887753221453004,318.9915919303894
316,99.7,64.5,69.375,72.187,72.062,17600.0,8823.0,0.923298048193222,0.8887600633525999,319.97837233543396
317,0.0,65.875,68.0,71.968,72.0,12720.0,5591.0,0.9308742272928583,0.8883340092501663,320.7525451183319
318,27.5,56.25,68.718,71.75,71.75,12720.0,5830.0,0.9238834030926999,0.8884551259172263,321.9263815879822
319,99.7,60.25,69.156,72.156,72.218,17320.0,8902.0,0.9236468658187421,0.8884551259172263,322.9085850715637
320,0.0,69.75,67.843,72.437,72.281,13782.0,6140.0,0.9258987106472962,0.8882567616121201,323.83448672294617
321,0.0,78.375,67.718,72.437,72.437,12359.0,5710.0,0.9473504955929962,0.8883795472096317,325.10765051841736
322,99.8,70.75,69.468,71.968,72.125,18450.0,9205.0,0.9258375802336679,0.8883795472096317,326.00357127189636
323,0.0,71.5,68.218,72.218,72.343,14623.0,7296.0,0.9263533213151772,0.8883795472096317,326.75986194610596
324,25.8,66.0,67.687,71.937,71.812,11596.0,5080.0,0.9470455920605316,0.8885557385815951,328.0851607322693
325,99.8,75.125,69.718,72.562,72.5,19936.0,10617.0,0.9240458353346266,0.8885252209961941,328.78569769859314
326,8.3,67.0,68.437,72.687,72.812,17811.0,8783.0,0.9286635519265437,0.8881437511786822,330.1681067943573
327,21.4,95.5,67.937,73.062,73.062,14342.0,6539.0,0.9394192610705308,0.8880140514407281,330.8523705005646
328,99.6,80.875,69.687,72.375,72.593,16520.0,8624.0,0.930653908291904,0.8881067962901107,332.00356340408325
329,99.8,75.0,68.625,72.031,72.312,17040.0,8028.0,0.9349866823027453,0.8855585779091305,333.0200695991516
330,13.4,68.5,68.031,72.406,72.468,13341.0,6020.0,0.9435888543037683,0.8850111687210008,333.8873653411865
331,93.1,76.75,68.812,72.25,72.25,14182.0,6977.0,0.9307911398327022,0.8861741748271406,335.042240858078
332,99.6,83.0,69.75,72.5,72.5,19728.0,10181.0,0.93185106635145,0.8861589160344401,335.5522701740265
333,0.0,56.125,68.312,71.718,71.562,12519.0,5351.0,0.9503491295153855,0.8867430416925053,337.08079719543457
334,99.3,65.0,69.875,72.437,72.406,17120.0,8942.0,0.930010417121506,0.8877281874962301,337.8285083770752
335,97.0,59.625,68.656,72.5,72.5,17120.0,8227.0,0.9300882648319225,0.8877281874962301,339.00992703437805
336,0.0,69.25,67.937,72.125,72.031,12239.0,5431.0,0.9491075583389993,0.8877281874962301,340.0649962425232
337,99.8,65.875,69.5,71.968,72.0,18450.0,9245.0,0.9296249212478089,0.8877281874962301,340.95293378829956
338,0.0,61.0,68.343,72.75,72.531,15304.0,7523.0,0.9304772538721127,0.8877129287035296,342.0310480594635
339,0.0,66.875,67.937,72.312,72.406,11877.0,5191.0,0.9520435647764062,0.887667152325428,342.87831926345825
340,99.8,73.125,69.531,72.281,72.468,19009.0,9920.0,0.9297362035518018,0.887667152325428,343.7732484340668
341,6.8,63.25,68.218,72.281,72.343,14703.0,7483.0,0.9293694210700317,0.887667152325428,344.90321826934814
342,26.1,59.125,67.875,71.812,71.687,11436.0,4920.0,0.9504736359496735,0.8876518935327276,346.2072093486786
343,99.8,62.125,69.437,71.781,71.906,17080.0,8664.0,0.9307809098451155,0.8876518935327276,347.22803258895874
344,30.8,60.875,67.812,72.125,71.906,11476.0,5040.0,0.951816508954358,0.8881685467168204,349.02523922920227
345,99.6,71.0,69.593,72.187,72.218,18690.0,9523.0,0.9291553398663864,0.88815328792412,350.00040674209595
346,2.2,65.125,68.562,72.843,72.843,14743.0,7523.0,0.9292900762882611,0.88815328792412,350.95967650413513
347,1.9,69.0,67.781,71.968,71.75,12038.0,5271.0,0.9497947140905604,0.88815328792412,351.8829116821289
348,99.8,64.25,69.468,72.187,72.187,18809.0,9562.0,0.9293589415705527,0.887298795532893,352.8644652366638
349,3.1,67.75,68.375,72.75,72.406,14302.0,6937.0,0.9304842402050988,0.887298795532893,353.8790259361267
350,3.4,60.625,68.906,72.125,72.093,12961.0,5990.0,0.9285106011365266,0.8886334630569132,355.20111417770386
351,99.8,74.125,69.281,72.031,72.125,18729.0,9404.0,0.9221343247272523,0.8886334630569132,356.3225793838501
352,9.2,66.75,68.406,72.593,72.437,14062.0,6339.0,0.9237613917773356,0.8886334630569132,356.96149921417236
353,99.7,64.875,69.593,72.343,72.281,15680.0,7921.0,0.9234821879697841,0.8886334630569132,357.9532971382141
354,99.4,69.375,69.25,71.875,71.937,17280.0,8505.0,0.9239063581867971,0.8886182042642127,359.2463994026184
355,0.0,61.625,68.062,71.75,71.718,12760.0,5431.0,0.9364036603394609,0.8886182042642127,360.02350091934204
356,99.7,68.875,69.781,72.406,72.406,16840.0,8823.0,0.9227833051592822,0.8886029454715122,360.9291296005249
357,99.8,63.5,68.5,72.312,72.312,16760.0,8187.0,0.9246132253778546,0.8886029454715122,362.1395936012268
358,0.0,67.75,67.75,71.75,71.781,12118.0,5191.0,0.9426000386743433,0.8885113927153093,362.9206974506378
359,99.8,70.125,69.812,72.281,72.5,19528.0,10458.0,0.9232319275417464,0.8885113927153093,363.92986130714417
360,99.8,51.5,68.437,72.656,72.75,15920.0,7802.0,0.923172793223257,0.8885113927153093,364.9397785663605
361,0.0,68.625,67.812,72.062,72.187,12198.0,5391.0,0.9463831379863142,0.8885113927153093,366.0828130245209
362,99.9,64.0,69.437,72.312,72.187,18490.0,9205.0,0.9254208953734258,0.8885113927153093,366.9978516101837
363,0.0,64.75,68.187,72.187,72.312,13782.0,5940.0,0.923170048592441,0.8884961339226088,368.0800096988678
364,36.0,57.0,67.718,71.937,71.781,11877.0,5231.0,0.946279840062877,0.8884808751299084,369.0450451374054
365,99.8,69.0,69.406,72.968,72.593,18969.0,9681.0,0.9234791938270758,0.8884656163372079,370.114461183548
366,3.1,64.0,68.218,71.937,72.156,14022.0,6100.0,0.9279808873890452,0.8883893223737055,370.98657035827637
367,99.7,63.25,69.843,72.375,72.406,17040.0,8942.0,0.9232411594817638,0.8883893223737055,372.07545948028564
368,99.8,68.625,69.437,72.187,72.25,17851.0,8689.0,0.9248742148172637,0.8883893223737055,373.11457419395447
369,0.0,59.375,68.125,71.75,71.906,12359.0,5231.0,0.9373909788975318,0.8883893223737055,374.04258275032043
370,99.7,65.375,69.843,72.281,72.031,17771.0,9364.0,0.9237312008383599,0.8883893223737055,375.04237699508667
371,99.4,61.125,68.593,72.156,72.156,16240.0,7988.0,0.9254815267632693,0.8883893223737055,376.2552227973938
372,0.0,75.0,67.937,72.031,72.187,12479.0,5391.0,0.9401600618789493,0.8883893223737055,377.0187430381775
373,99.7,73.125,70.343,72.625,72.625,20534.0,11153.0,0.9255249418325401,0.8883893223737055,377.84518694877625
374,0.3,65.875,68.531,72.906,72.906,16640.0,8107.0,0.925319344033235,0.888374063581005,379.0925054550171
375,0.0,57.25,69.625,72.562,72.562,15104.0,7483.0,0.9245995022237747,0.888374063581005,380.1063983440399
376,99.9,67.125,69.843,72.093,72.125,18290.0,8967.0,0.9254835228584083,0.888374063581005,381.17083954811096
377,0.0,61.125,68.375,71.656,71.75,12359.0,5071.0,0.9299625108381728,0.888374063581005,382.14491152763367
378,99.8,56.0,68.531,72.218,72.437,12680.0,5750.0,0.924458528004591,0.888374063581005,383.1158857345581
379,99.7,67.625,68.843,72.406,72.406,17000.0,8227.0,0.9267173591661313,0.888374063581005,384.21927857398987
380,1.4,59.0,68.312,71.875,71.937,12600.0,5391.0,0.9402354144704422,0.888374063581005,385.0342981815338
381,99.7,72.0,70.125,72.343,72.5,18210.0,9681.0,0.9278898155483336,0.8883588047883045,385.88602328300476
382,3.8,59.375,68.812,72.562,72.562,17280.0,8346.0,0.9268266453749852,0.8883588047883045,386.76951003074646
383,0.0,67.0,68.062,72.0,71.875,11998.0,5071.0,0.9498785500863935,0.8893434737547573,388.3118989467621
384,0.6,53.625,68.281,72.281,72.187,14983.0,7125.0,0.9250413877851453,0.8893434737547573,389.9236071109772
385,7.9,60.75,67.843,72.031,71.75,11637.0,4880.0,0.9502662915671218,0.8922116499451757,390.9715225696564
386,99.6,73.25,70.656,72.312,72.312,18330.0,9920.0,0.9254710472637903,0.8930086834451397,391.8802242279053
387,99.8,60.875,68.968,72.593,72.406,16600.0,8584.0,0.928727426970988,0.8930086834451397,393.35943365097046
388,0.0,71.125,68.062,72.562,72.562,12600.0,5471.0,0.9479510707179081,0.8930086834451397,393.90198135375977
389,99.8,74.875,69.75,72.562,72.156,18370.0,9364.0,0.9243075733097129,0.8930086834451397,395.24340629577637
390,0.0,56.75,68.281,71.906,71.968,13902.0,6020.0,0.9269271986676065,0.8930086834451397,396.2973942756653
391,0.0,55.375,67.75,72.125,71.968,11556.0,5000.0,0.9490307086761522,0.8930086834451397,397.38420486450195
392,99.8,69.125,69.5,72.281,72.218,18849.0,9642.0,0.924028119990269,0.8929934246524392,398.0946955680847
393,0.0,65.25,68.062,72.437,72.5,14182.0,6658.0,0.9244782394440875,0.8929934246524392,399.11318588256836
394,10.5,54.125,68.062,71.531,71.531,11195.0,4720.0,0.9501455278112193,0.8929934246524392,400.47365045547485
395,99.9,69.25,69.875,72.281,72.187,19089.0,9983.0,0.9248836962691734,0.8929934246524392,401.02093410491943
396,5.2,61.25,68.593,72.281,72.281,15224.0,7603.0,0.9244754948132715,0.8929781658597388,402.2660450935364
397,0.0,60.0,67.718,72.25,72.062,11516.0,4920.0,0.9457371516969928,0.8929781658597388,403.5303907394409
398,99.9,75.375,69.593,72.625,72.406,19768.0,10498.0,0.9241511293532028,0.8929629070670383,403.94536876678467
399,0.3,64.875,68.437,71.968,72.0,14943.0,7284.0,0.9249218715887046,0.8929629070670383,405.15518712997437
400,0.0,60.75,67.968,71.75,71.562,11235.0,4880.0,0.9457985316225135,0.8929629070670383,406.06652331352234
401,99.8,69.0,69.843,72.718,72.718,19688.0,10419.0,0.9240510750843662,0.8929629070670383,406.9648778438568
402,3.3,64.125,68.281,72.5,72.5,15264.0,7444.0,0.9250977774728188,0.8929629070670383,408.0322620868683
403,0.0,68.0,67.937,71.562,71.562,11316.0,4840.0,0.9458748822615758,0.8929629070670383,409.37724351882935
404,99.8,69.5,69.5,72.031,72.125,19289.0,10102.0,0.9235807451672665,0.8929629070670383,410.04513478279114
405,15.5,62.625,68.25,72.281,72.562,13862.0,6379.0,0.9253031257602315,0.8929629070670383,411.3979103565216
406,0.0,60.25,67.75,72.187,72.343,11717.0,5111.0,0.9474081328401315,0.8929629070670383,412.3230390548706
407,99.8,66.875,69.406,72.0,71.968,18729.0,9443.0,0.9243669571400946,0.8929629070670383,413.10044050216675
408,1.2,63.75,68.406,72.593,72.593,15024.0,7364.0,0.9242369614441749,0.8929476482743378,413.9240608215332
409,0.0,63.25,67.625,71.906,71.875,11235.0,4840.0,0.946661842770081,0.8929476482743378,414.9536166191101
410,99.8,67.5,69.656,72.5,72.281,19528.0,10141.0,0.9246596345898337,0.8929476482743378,416.0814731121063
411,0.0,65.5,68.531,72.218,72.281,15384.0,7404.0,0.923899371853811,0.8929476482743378,417.0562951564789
412,0.0,59.125,67.562,72.25,72.031,11476.0,4960.0,0.9481995845626993,0.8929323894816373,418.4188742637634
413,99.8,71.125,69.593,72.125,72.031,18809.0,9800.0,0.9246858333385315,0.8929171306889369,419.1885027885437
414,5.7,65.625,68.125,72.593,72.593,14463.0,6977.0,0.9247459657045904,0.8929171306889369,420.1325430870056
415,0.0,59.75,67.843,72.031,72.031,11596.0,5040.0,0.9485469051168651,0.8929171306889369,421.21139001846313
416,99.8,71.625,69.406,71.75,71.781,18170.0,9007.0,0.9095242431992415,0.8929171306889369,422.5796504020691
417,0.0,60.75,68.125,72.125,72.0,13501.0,6379.0,0.9096367730626961,0.8929171306889369,423.25612926483154
418,0.0,66.125,67.562,72.312,72.406,11998.0,5311.0,0.9333601142764467,0.8929171306889369,424.1057369709015
419,99.7,71.375,69.281,72.125,72.156,18729.0,9523.0,0.9119340290556599,0.8924898844933234,425.2624008655548
420,0.0,54.875,68.031,72.031,71.906,14663.0,6419.0,0.9111188737033179,0.8924898844933234,426.17927074432373
421,99.8,62.5,68.656,72.218,72.281,13701.0,6539.0,0.9114881513040115,0.8924898844933234,427.25402426719666
422,99.8,68.125,69.093,72.25,72.031,17811.0,8650.0,0.9117571251239762,0.8924898844933234,428.4907901287079
423,1.4,68.75,68.062,72.312,72.156,13581.0,6020.0,0.9305456201306195,0.8924898844933234,428.8757243156433
424,99.8,73.625,71.343,72.625,72.406,20813.0,11311.0,0.9136317079712811,0.8923220377736182,430.00373888015747
425,0.0,65.5,68.375,72.531,72.531,17040.0,8147.0,0.9138842140063501,0.8923067789809177,431.4312605857849
426,0.0,69.0,67.593,71.531,71.531,11596.0,4960.0,0.9339681747581294,0.8923067789809177,432.51723766326904
427,1.6,61.375,68.187,71.875,72.0,14543.0,6818.0,0.9108416659909053,0.8923067789809177,434.20056200027466
428,0.0,56.75,68.468,71.593,71.843,12239.0,5431.0,0.9260486672946049,0.8923067789809177,435.4231321811676
429,99.8,64.75,69.375,72.312,72.093,18849.0,9523.0,0.913263428418157,0.8923067789809177,436.03631377220154
430,15.6,63.75,67.875,72.031,72.031,14182.0,6140.0,0.9148074080080841,0.8923067789809177,437.1959717273712
431,99.5,63.375,69.562,72.593,72.593,14943.0,7364.0,0.915003773867372,0.8923067789809177,438.04428339004517
432,99.6,62.375,68.812,72.156,71.906,17280.0,8306.0,0.9146853966927199,0.8923067789809177,439.8232970237732
433,99.7,65.25,70.437,71.968,72.031,17771.0,9364.0,0.9145593931870778,0.8923067789809177,441.1361451148987
434,1.3,56.375,68.468,71.843,72.093,15840.0,7762.0,0.9144970152139876,0.8923067789809177,442.31302642822266
435,0.0,62.625,68.0,71.75,71.812,11837.0,5111.0,0.9351658318414602,0.8923067789809177,443.55016040802
436,99.8,68.875,69.562,72.75,72.375,20215.0,10458.0,0.914640484552095,0.8923067789809177,444.02528715133667
437,2.2,68.25,68.187,72.343,72.25,15344.0,7324.0,0.9161238327521786,0.8923067789809177,445.072274684906
438,0.0,64.0,67.656,72.093,71.906,11316.0,4880.0,0.9391632618689688,0.8923067789809177,446.46081948280334
439,99.8,69.25,70.5,72.093,72.093,19975.0,10775.0,0.9201200152202255,0.8923067789809177,447.0568196773529
440,0.0,62.75,68.312,72.437,72.5,15440.0,7324.0,0.9207335649635401,0.8922915201882172,448.21329736709595
441,0.0,64.375,67.687,71.812,72.031,11757.0,5111.0,0.9401782762470916,0.8922915201882172,449.3786733150482
442,99.8,68.75,69.343,72.156,72.187,18410.0,9126.0,0.9210234977824631,0.8922915201882172,450.4394121170044
443,0.0,63.875,68.062,72.75,72.343,14222.0,6180.0,0.9213264052197888,0.8922915201882172,451.1603424549103
444,0.0,60.625,69.156,72.656,72.687,14142.0,6778.0,0.9379349148228777,0.8930527908927895,452.3872277736664
445,99.8,66.875,69.281,72.5,72.093,18729.0,9404.0,0.9221532876310717,0.8930527908927895,453.17199444770813
446,8.9,70.625,68.25,72.093,71.906,13501.0,5821.0,0.9209374161795987,0.8930527908927895,454.56252098083496
447,49.9,58.25,69.656,71.812,72.031,15440.0,7643.0,0.9201082881612845,0.8930527908927895,455.29130482673645
448,99.7,71.0,69.593,72.25,72.187,19049.0,9523.0,0.9240176404907899,0.8930527908927895,456.17225646972656
449,0.0,69.5,67.812,71.5,71.562,12359.0,5071.0,0.9325187601754069,0.8930527908927895,457.2928469181061
450,99.8,59.625,69.093,72.062,72.406,14142.0,6818.0,0.9196783791707472,0.8930527908927895,458.1955485343933
451,99.8,68.375,69.5,72.125,72.437,18849.0,9404.0,0.9219901068534679,0.8930375321000891,459.1251482963562
452,0.0,73.0,67.968,71.75,71.75,12881.0,5431.0,0.9279467042597918,0.8930375321000891,460.10407996177673
453,99.6,64.375,70.25,72.5,72.5,16120.0,8227.0,0.9247611859300244,0.8930375321000891,461.17857599258423
454,99.4,61.375,69.0,72.281,72.218,17440.0,8465.0,0.9248649828772464,0.8930375321000891,462.2337338924408
455,0.0,67.0,68.031,71.781,71.812,12519.0,5231.0,0.9413572199384953,0.8930375321000891,463.0952446460724
456,99.6,70.25,70.281,72.5,72.5,19568.0,10300.0,0.9225377854571993,0.8930375321000891,464.1717150211334
457,3.8,60.875,68.437,72.656,72.75,16680.0,8107.0,0.9222900201480853,0.8930375321000891,465.49418115615845
458,0.0,67.5,67.75,72.5,72.531,11958.0,5231.0,0.9434930417371018,0.8930375321000891,466.3991894721985
459,99.8,71.625,69.906,72.5,72.406,20254.0,10815.0,0.9236620860441761,0.8930375321000891,467.14219522476196
460,6.6,62.375,68.781,72.437,72.406,16160.0,7881.0,0.9229736827331533,0.8930375321000891,468.26090478897095
461,0.0,65.0,67.843,71.875,71.75,11556.0,5000.0,0.9434790690711296,0.8930375321000891,469.5972156524658
462,99.8,69.625,69.937,72.218,72.281,19368.0,9983.0,0.9175310798250922,0.8930375321000891,470.113397359848
463,18.2,67.5,68.375,72.406,72.312,14543.0,7137.0,0.9179008564495705,0.8930375321000891,471.2829806804657
464,0.0,67.25,67.937,71.718,71.812,11596.0,5000.0,0.9378148996026523,0.8930222733073886,472.2644350528717
465,99.8,64.875,69.562,72.5,72.156,18370.0,9126.0,0.9183691902715313,0.8930222733073886,473.0407757759094
466,10.0,70.125,68.125,72.406,72.406,14222.0,6698.0,0.9191072464491339,0.8930222733073886,474.37345910072327
467,16.3,62.625,69.187,72.562,72.375,13982.0,6658.0,0.9188806896508704,0.8930222733073886,475.396853685379
468,99.8,66.375,69.375,72.062,72.187,18370.0,9007.0,0.9200880776980033,0.8930222733073886,476.4254312515259
469,7.7,68.875,68.062,72.562,72.812,14503.0,6419.0,0.9189076369352455,0.8930070145146881,477.2178256511688
470,99.6,69.375,70.437,72.281,72.281,18290.0,9642.0,0.9211432634907961,0.8929917557219876,478.22751450538635
471,9.3,61.5,69.093,72.437,72.437,17600.0,8544.0,0.92025050993993,0.8929917557219876,479.49074935913086
472,1.4,73.75,68.031,72.0,71.906,12800.0,5471.0,0.9352668841578662,0.8929917557219876,480.501247882843
473,99.8,68.0,71.218,72.656,72.5,20693.0,11153.0,0.9217114020697011,0.8929764969292872,481.1512234210968
474,3.1,55.75,69.062,72.406,72.656,17400.0,8425.0,0.9232706018850624,0.8929612381365867,482.4531092643738
475,0.0,80.25,68.0,71.718,71.937,12479.0,5271.0,0.9331230779787042,0.8929612381365867,483.1603398323059
476,99.6,69.875,70.531,72.312,72.562,18370.0,9840.0,0.9210234977824631,0.8929612381365867,484.3122103214264
477,30.7,62.875,68.625,73.0,72.781,16440.0,7948.0,0.9219339666776868,0.8929612381365867,485.41401052474976
478,0.0,67.875,67.968,71.875,72.031,11918.0,5151.0,0.9448349166942169,0.8929459793438862,486.32929587364197
479,99.9,71.125,70.968,72.531,73.0,20454.0,11035.0,0.9217163923075483,0.8929459793438862,487.28068447113037
480,0.0,65.125,68.437,72.625,72.625,16000.0,7762.0,0.9221660127375821,0.8929459793438862,488.3858802318573
481,22.1,78.5,67.875,72.187,72.0,12198.0,5231.0,0.939406286452128,0.8929459793438862,489.13989067077637
482,99.7,72.75,70.375,72.937,72.625,19568.0,10379.0,0.9235722617629263,0.8929459793438862,490.1994905471802
483,4.3,65.25,68.968,72.718,72.531,16920.0,8266.0,0.9260379382832334,0.8929459793438862,491.65518164634705
484,0.0,68.375,68.25,72.125,72.218,12198.0,5351.0,0.9443314016954333,0.8929459793438862,492.364972114563
485,99.8,68.0,69.937,72.531,72.625,19688.0,10181.0,0.9219975922102387,0.8929459793438862,493.19517731666565
486,0.2,63.75,68.687,72.75,72.75,15480.0,7523.0,0.921307192804077,0.8929459793438862,494.2027430534363
487,14.6,67.25,67.843,72.343,72.062,11717.0,5080.0,0.9423709867571564,0.8929459793438862,495.55958342552185
488,99.8,72.125,69.718,72.406,72.125,19129.0,9721.0,0.9231533312956529,0.8929459793438862,496.33881735801697
489,0.0,65.75,68.281,72.687,72.531,15280.0,7404.0,0.9206619550504326,0.8929459793438862,497.1890666484833
490,6.0,64.625,68.187,71.906,71.906,11837.0,5191.0,0.9441123302539407,0.8929459793438862,497.9568774700165
491,99.8,73.75,70.0,72.593,72.75,19936.0,10300.0,0.9175043820526095,0.8929307205511857,499.1129231452942
492,6.9,67.375,68.406,72.562,72.843,14943.0,7245.0,0.9190977649972242,0.8929307205511857,500.23844146728516
493,0.0,65.375,67.968,72.281,72.281,11757.0,5151.0,0.946821031357407,0.8932797654342092,501.7187225818634
494,99.8,75.625,69.75,72.312,72.531,19608.0,10260.0,0.9201551963970482,0.8932797654342092,502.3951427936554
495,17.9,65.375,68.468,72.25,72.375,14703.0,6818.0,0.9204561077392351,0.8932797654342092,503.55019521713257
496,0.0,62.0,68.843,71.875,72.031,12881.0,5830.0,0.934044026373407,0.8932797654342092,504.680947303772
497,99.8,67.625,69.843,72.406,72.312,19049.0,9602.0,0.9196853655037334,0.8932797654342092,505.3100197315216
498,0.0,64.375,68.593,72.593,72.75,15264.0,6687.0,0.919325319843057,0.8932797654342092,506.3946611881256
499,0.0,62.625,69.968,72.468,72.375,15440.0,7722.0,0.9194825123352441,0.8932797654342092,507.38527488708496
500,99.8,78.75,69.843,72.468,72.343,18530.0,9126.0,0.9211013454928796,0.8932797654342092,508.68477606773376
501,0.0,74.5,68.593,73.406,73.062,14943.0,6687.0,0.9195027227985254,0.8932797654342092,509.28455662727356
502,99.8,69.25,70.312,72.781,72.781,18130.0,9642.0,0.9219332181420097,0.8932797654342092,510.3946485519409
503,99.8,71.25,69.093,72.687,72.562,17971.0,8769.0,0.9205853548994779,0.8932797654342092,511.6796627044678
504,0.0,77.625,68.437,72.406,72.25,13140.0,5750.0,0.9282483641376557,0.8932797654342092,512.3913917541504
505,99.8,61.625,69.375,72.781,72.781,17731.0,8610.0,0.9224589396992134,0.8932645066415087,514.6018824577332
506,0.0,75.25,68.625,72.906,72.625,13661.0,5980.0,0.927145521573422,0.8932645066415087,515.0640556812286
507,99.6,67.5,70.031,72.593,72.562,16279.0,8346.0,0.9203607941963534,0.8932645066415087,516.4813158512115
508,99.8,66.5,69.781,72.843,72.656,18610.0,9205.0,0.9212328382601536,0.8932645066415087,517.6473333835602
509,0.0,70.25,68.187,72.093,72.0,12720.0,5431.0,0.9354874526707129,0.8932645066415087,518.2581355571747
510,99.6,70.0,70.625,72.531,72.562,19648.0,10577.0,0.9220988940385371,0.8932492478488082,519.3946075439453
511,99.8,67.75,69.093,72.781,72.781,16800.0,8266.0,0.9212273489985217,0.8932492478488082,520.8721804618835
512,0.0,74.875,68.125,72.625,72.468,12279.0,5311.0,0.9388039647439697,0.8932492478488082,521.6503386497498
513,99.4,74.625,71.031,72.687,72.781,19856.0,10458.0,0.9198777391727433,0.8932339890561077,522.2878713607788
514,12.7,64.875,68.718,72.75,72.75,16960.0,8306.0,0.9216210787646666,0.8932339890561077,523.5415501594543
515,0.0,66.625,68.406,72.375,72.218,12118.0,5311.0,0.9380531834598567,0.8932339890561077,524.6258985996246
516,0.0,61.25,68.625,72.875,72.718,14663.0,6818.0,0.919988272941059,0.8932339890561077,526.3258013725281
517,0.0,60.125,68.125,72.625,72.5,11516.0,5040.0,0.9452318901149626,0.8941194758700075,527.8538119792938
518,99.8,69.0,70.0,72.937,72.968,19568.0,10339.0,0.921679464547479,0.8941194758700075,528.253244638443
519,0.7,67.75,68.5,72.843,72.75,14983.0,7245.0,0.9233152645137949,0.8941194758700075,529.5302138328552
520,29.9,76.125,68.125,72.187,72.437,11918.0,5151.0,0.9438161596377087,0.894104217077307,530.4130063056946
521,99.8,72.375,70.968,72.562,72.687,20374.0,11074.0,0.9252537224055442,0.894104217077307,531.4188573360443
522,0.0,64.125,69.156,73.25,73.093,16840.0,8266.0,0.9236635831155302,0.8940889582846065,532.3804593086243
523,0.0,76.375,68.125,72.562,72.625,12519.0,5391.0,0.9430010042853667,0.8940889582846065,533.2677593231201
524,99.8,76.25,70.437,73.0,72.812,20534.0,11074.0,0.9277248881874832,0.8940889582846065,534.2806603908539
525,0.0,68.625,68.812,72.718,72.75,16240.0,7948.0,0.9259353888954732,0.8940889582846065,535.7939703464508
526,99.8,67.625,69.968,72.843,72.968,19129.0,9785.0,0.9256843799317584,0.8940736994919061,537.4326453208923
527,0.0,58.0,68.468,72.281,72.343,13501.0,5661.0,0.929340477690518,0.8940736994919061,538.5003299713135
528,84.8,58.875,69.031,72.437,72.437,13341.0,6220.0,0.9258575411850567,0.8940736994919061,539.7764310836792
529,0.0,61.5,68.312,72.125,72.281,12840.0,5431.0,0.940868426141361,0.8940431819065051,541.698320388794
530,0.8,54.0,68.968,72.718,72.531,14743.0,6727.0,0.9269451635238565,0.8940279231138046,543.7273020744324
531,0.0,60.125,68.156,72.875,72.875,12399.0,5591.0,0.9481107583290188,0.8940279231138046,544.6265177726746
532,99.8,75.375,70.406,72.781,72.875,19856.0,10379.0,0.926083349447643,0.8956038702974011,545.3373620510101
533,0.0,67.875,68.968,73.312,73.093,16279.0,7948.0,0.9252377536444331,0.8956038702974011,546.2797496318817
534,0.0,74.875,68.625,72.375,72.593,12560.0,5431.0,0.9453516558232957,0.8956038702974011,547.7971339225769
535,99.8,73.0,70.343,73.0,72.812,20294.0,10775.0,0.9257430152264632,0.8955886115047006,548.2405507564545
536,15.1,67.25,68.937,73.0,73.0,15640.0,7483.0,0.9264453912034583,0.8955886115047006,549.6924865245819
537,0.0,65.375,68.156,72.906,73.0,12600.0,5591.0,0.9478410359733771,0.8955886115047006,550.7277729511261
538,99.8,77.125,69.875,73.156,73.0,19648.0,10102.0,0.9269054911329712,0.8955886115047006,551.4867162704468
539,0.3,71.5,68.656,72.843,72.843,15184.0,7404.0,0.926989826152589,0.8955886115047006,552.5465683937073
540,0.0,67.125,68.406,72.906,72.812,12078.0,5351.0,0.9490229738074891,0.8955886115047006,553.6727464199066
541,99.8,65.25,69.937,72.812,72.968,19049.0,9602.0,0.925978803964744,0.8955886115047006,554.9070334434509
542,99.8,64.25,70.062,72.687,72.906,16040.0,8187.0,0.9246893265050246,0.8955886115047006,556.6918258666992
543,99.8,76.5,70.125,72.937,72.906,18610.0,9285.0,0.9273461291348799,0.8955733527120001,557.8394041061401
544,0.0,73.0,68.593,72.75,72.468,13902.0,6020.0,0.924376189080112,0.8955733527120001,558.395688533783
545,84.6,65.0,69.218,72.75,72.75,13581.0,6419.0,0.9268800409199504,0.8955733527120001,559.4109756946564
546,99.8,71.25,69.843,72.781,72.593,18650.0,9245.0,0.926534466949031,0.8955733527120001,560.6068468093872
547,0.0,69.375,68.562,72.406,72.468,13541.0,5940.0,0.944725630485363,0.8955733527120001,561.869282245636
548,14.7,63.75,69.031,72.781,72.781,15840.0,7603.0,0.9275479842557995,0.8955580939192996,563.6633851528168
549,0.0,66.375,68.5,72.468,72.468,11998.0,5191.0,0.9471326717109654,0.8955580939192996,564.6779489517212
550,17.1,58.875,68.625,72.187,72.0,13822.0,5741.0,0.9200219570465278,0.8955580939192996,566.6662540435791
551,0.0,55.75,69.343,72.625,72.531,12760.0,5750.0,0.9209883166056402,0.8955580939192996,567.5607104301453
552,99.8,68.875,70.125,72.75,72.781,18250.0,8967.0,0.9212325887482612,0.8955580939192996,569.0079030990601
553,99.8,67.0,69.75,72.593,72.75,15064.0,7364.0,0.9189153718039086,0.8955580939192996,570.8616406917572
554,99.7,80.5,69.937,73.343,73.312,19289.0,9824.0,0.920275461129166,0.8955580939192996,571.6293170452118
555,0.3,72.5,68.593,72.687,72.687,13902.0,5980.0,0.925588567365092,0.8955580939192996,572.4913754463196
556,99.7,71.25,71.125,72.468,72.437,18130.0,9523.0,0.9207088632861964,0.8955580939192996,573.5881416797638
557,99.8,62.625,69.875,72.937,72.968,18051.0,8928.0,0.9219868631988672,0.8955580939192996,575.0692374706268
558,99.8,57.25,69.906,72.593,72.593,13942.0,6738.0,0.9197425037270839,0.8955580939192996,576.3683867454529
559,99.8,67.0,69.968,72.531,72.781,18051.0,9007.0,0.9195084615720497,0.8955580939192996,578.020040512085
560,99.8,64.25,70.437,73.062,73.031,15280.0,7762.0,0.919004946573266,0.8955580939192996,579.3492946624756
561,99.8,60.125,69.937,72.781,72.812,18130.0,8848.0,0.9194887501325532,0.8955580939192996,580.8992199897766
562,99.7,69.75,70.968,72.937,73.062,18929.0,10078.0,0.9198807333154516,0.8955428351265992,582.4596412181854
563,0.0,60.5,68.906,73.125,73.125,16480.0,7948.0,0.9199625732161459,0.8955275763338987,583.6161165237427
564,0.0,66.875,68.281,72.875,72.687,11677.0,5080.0,0.9425274307136664,0.8955275763338987,585.027982711792
565,0.0,56.5,68.875,72.781,72.562,14983.0,6448.0,0.9202520070112842,0.8955275763338987,586.6044535636902
566,99.6,59.25,70.156,72.937,72.562,16600.0,8465.0,0.9194246255762165,0.8955123175411982,587.7268970012665
567,99.8,68.25,69.937,72.968,72.781,18650.0,9285.0,0.9203622912677075,0.8955123175411982,588.959103345871
568,0.0,56.875,68.593,72.218,72.031,11958.0,5231.0,0.9217101545102393,0.8955123175411982,590.7830505371094
569,99.8,80.25,69.968,73.031,73.125,19608.0,10260.0,0.9209843244153625,0.8955123175411982,591.4922478199005
570,0.0,68.5,68.437,73.093,73.062,14663.0,6419.0,0.9208460948269946,0.8955123175411982,592.502462387085
571,99.8,71.0,70.125,72.531,72.593,18091.0,8848.0,0.9220073231740408,0.8954970587484976,595.071929693222
572,99.7,65.75,70.062,72.75,72.812,14943.0,7444.0,0.9244974518597993,0.8954970587484976,596.4617900848389
573,99.8,60.75,69.031,72.718,72.937,17040.0,8266.0,0.9248752128648332,0.8954360235776957,597.8697893619537
574,99.7,65.75,71.0,72.781,72.937,20175.0,10735.0,0.9264117070979896,0.896046375285715,599.523298740387
575,0.5,60.25,68.968,72.562,72.562,16640.0,8028.0,0.9279893707933854,0.8960311164930145,600.9039623737335
576,99.8,69.25,70.656,72.718,72.625,18370.0,9681.0,0.9218082126839371,0.8967780820794301,602.5880877971649
577,0.0,63.875,68.875,72.593,72.781,16480.0,7909.0,0.9222276421749952,0.8967780820794301,603.7402698993683
578,0.0,69.5,68.25,72.281,72.5,12720.0,5710.0,0.9438251420658337,0.8967780820794301,604.9858999252319
579,14.9,69.25,69.062,73.062,73.437,15400.0,7364.0,0.9255284349990331,0.8967780820794301,606.5274047851562
580,0.0,62.375,69.093,72.562,72.562,13001.0,5950.0,0.9447625582454324,0.8967780820794301,608.0402772426605
581,0.0,70.0,68.687,72.656,72.781,13741.0,5901.0,0.9239682371361025,0.8967780820794301,609.4294540882111
582,0.0,60.5,68.375,73.281,73.281,12198.0,5471.0,0.9457334090186074,0.8967780820794301,610.3798797130585
583,99.8,73.25,70.281,72.75,72.968,19368.0,9904.0,0.9233317322986907,0.8973386042925368,611.724282503128
584,0.0,67.75,68.75,72.937,72.656,14783.0,6419.0,0.9245189098825423,0.8973386042925368,612.4805657863617
585,89.8,66.375,69.25,72.718,72.718,13902.0,6578.0,0.9244839782176117,0.8973386042925368,613.7573308944702
586,99.8,74.5,70.187,72.937,72.875,19169.0,9666.0,0.9236054468446102,0.8973386042925368,614.7211391925812
587,0.0,74.0,68.375,72.656,72.843,13261.0,5710.0,0.9263208847691703,0.8973386042925368,615.8224029541016
588,0.0,65.25,68.75,72.656,72.656,13381.0,5741.0,0.9266215465994648,0.8973386042925368,618.3529586791992
589,99.6,67.0,70.093,72.781,72.656,16440.0,8505.0,0.9215749190645799,0.8973386042925368,619.5299808979034
590,79.4,63.0,68.875,72.656,72.656,15920.0,7842.0,0.9221448042267315,0.8973386042925368,621.1758723258972
591,99.8,58.0,70.0,72.875,72.875,15264.0,7643.0,0.9226375902141436,0.8973386042925368,622.606728553772
592,99.8,70.5,70.0,72.656,72.625,17851.0,8967.0,0.9238517150823701,0.8973386042925368,623.7963626384735
593,0.0,75.125,68.343,72.093,72.218,12720.0,5351.0,0.9227613481127545,0.8973386042925368,624.9522078037262
594,99.8,74.25,70.125,72.687,72.781,19129.0,9666.0,0.9264206895261146,0.8973233454998363,626.6534688472748
595,0.0,73.375,68.75,73.031,72.812,15104.0,6807.0,0.9253363108419155,0.8973233454998363,627.7027070522308
596,99.8,69.5,70.062,72.812,72.656,19009.0,9483.0,0.9258959660164803,0.8973080867071358,629.6087341308594
597,0.0,72.5,68.625,72.25,72.218,12840.0,5670.0,0.9425396567963921,0.8973080867071358,631.0386188030243
598,10.5,61.25,68.875,72.906,72.906,16480.0,7988.0,0.9240485799654427,0.8973080867071358,632.6672580242157
599,0.0,79.25,68.281,73.062,72.781,12680.0,5471.0,0.9423879535658368,0.8972928279144353,634.2489602565765
600,99.6,74.125,69.968,73.0,72.937,19089.0,9468.0,0.9183452371298647,0.9039067992941855,636.0075116157532
601,0.0,71.5,68.125,72.281,72.281,11837.0,5231.0,0.9398511661562069,0.9038762817087845,638.0801064968109
602,4.8,71.25,69.093,73.031,73.031,15304.0,7563.0,0.9137821636423746,0.9038305053306831,639.711984872818
603,0.0,73.25,68.343,72.5,72.625,12279.0,5431.0,0.9316080417682908,0.9038305053306831,640.6816337108612
604,40.0,59.75,69.031,73.437,73.062,16680.0,8306.0,0.9079183846600088,0.9038152465379826,642.280431509018
605,0.0,77.5,68.562,72.531,72.25,12359.0,5471.0,0.9311906083723716,0.9038152465379826,643.718368768692
606,0.6,62.25,69.031,73.0,73.0,17520.0,8664.0,0.9099855906882162,0.9038152465379826,645.8147206306458
607,10.3,75.875,68.25,72.812,73.031,12479.0,5431.0,0.9293848908073581,0.9038152465379826,646.7481710910797
608,99.8,75.0,71.531,73.0,73.0,20613.0,11114.0,0.9084071784571432,0.9038152465379826,647.5895736217499
609,1.2,68.875,68.875,72.781,72.781,16160.0,7948.0,0.9093049222458566,0.9037694701598812,648.7517998218536
610,5.8,74.375,68.562,72.687,72.687,13001.0,5750.0,0.93179293008053,0.9037694701598812,649.9622213840485
611,99.8,78.625,70.25,73.343,73.0,20454.0,10797.0,0.909449140119641,0.9037694701598812,651.0362665653229
612,0.0,70.5,68.406,72.625,72.593,12399.0,5551.0,0.9367604623455366,0.9037542113671807,652.9239327907562
613,18.6,72.75,68.093,72.531,72.343,12158.0,5551.0,0.8731351793054837,0.6614140656981625,654.0920734405518
614,0.0,65.25,67.812,72.0,71.875,11195.0,4800.0,0.8782793659902816,0.6559514179113908,655.9559755325317
615,0.0,67.875,67.718,72.218,72.031,11797.0,5151.0,0.8785780317254371,0.6532200940180048,656.8274807929993
616,0.0,67.125,67.906,72.062,71.968,11516.0,4840.0,0.8792317528834218,0.6532048352253044,657.9648888111115
