,gpu_usage,cpu_1,cpu_2,cpu_3,cpu_4,cpu_5,cpu_6,cpu_7,cpu_8,gpu_temp,cpu_temp,tj_temp,power_tot,power_model,RAM,elapsed_time
0,0.0,23.0,25.0,26.0,25.0,23.0,26.0,25.0,29.0,58.218,61.906,62.468,8816.0,3370.0,0.39691312249800637,0.0724339485168457
1,60.0,13.0,14.0,27.0,36.0,35.0,35.0,27.0,57.0,58.156,61.781,62.406,8574.0,3049.0,0.4000317879816478,1.0880591869354248
2,0.0,50.0,50.0,41.0,40.0,31.0,49.0,48.0,53.0,58.312,62.031,62.437,9686.0,3926.0,0.4025361519675114,2.076788902282715
3,40.7,41.0,36.0,33.0,57.0,28.0,24.0,27.0,20.0,58.5,61.5,62.656,8171.0,2688.0,0.40494395434507274,3.0879452228546143
4,0.0,7.0,5.0,6.0,15.0,14.0,7.0,72.0,39.0,58.187,61.843,62.75,7729.0,2447.0,0.40616781658983325,4.082597017288208
5,0.0,17.0,12.0,11.0,15.0,31.0,18.0,89.0,21.0,58.375,61.5,62.593,7487.0,2170.0,0.40803991412753715,5.099860906600952
6,0.0,12.0,12.0,9.0,7.0,12.0,15.0,96.0,11.0,58.5,61.843,62.718,7688.0,2407.0,0.4100594739662918,6.106006145477295
7,0.0,15.0,48.0,60.0,15.0,18.0,16.0,15.0,11.0,58.406,61.406,62.5,7407.0,2089.0,0.4114327946177009,7.099884510040283
8,0.0,36.0,17.0,33.0,29.0,18.0,13.0,8.0,18.0,58.187,61.468,62.75,7366.0,2130.0,0.4127881503187282,8.092204809188843
9,0.0,12.0,11.0,6.0,25.0,3.0,6.0,8.0,97.0,58.062,61.625,62.5,7729.0,2207.0,0.4149756325409127,9.10832142829895
10,0.0,8.0,16.0,12.0,15.0,3.0,7.0,4.0,100.0,58.312,61.625,62.406,7890.0,2287.0,0.4179618065154883,10.11046552658081
11,0.0,10.0,10.0,16.0,19.0,3.0,5.0,6.0,100.0,58.125,61.468,62.468,7849.0,2247.0,0.41995117525707343,11.109485864639282
12,0.0,12.0,11.0,18.0,6.0,6.0,4.0,3.0,100.0,58.343,61.781,62.437,7809.0,2207.0,0.42283829249134935,12.109486818313599
13,0.0,10.0,12.0,15.0,15.0,5.0,3.0,4.0,100.0,58.156,61.687,62.75,7930.0,2247.0,0.4258242169527252,13.113609790802002
14,0.0,18.0,9.0,7.0,18.0,5.0,3.0,3.0,100.0,58.437,61.968,62.656,7970.0,2327.0,0.4298318979670663,14.120420217514038
15,0.0,24.0,38.0,10.0,11.0,9.0,5.0,4.0,100.0,58.312,62.093,62.687,8655.0,3049.0,0.4352800186835484,15.09976840019226
16,0.0,22.0,11.0,14.0,88.0,6.0,8.0,13.0,100.0,58.343,62.093,62.625,9163.0,3009.0,0.43882111001436197,16.11172127723694
17,9.4,25.0,18.0,27.0,73.0,43.0,10.0,37.0,52.0,58.5,62.093,62.562,9083.0,3525.0,0.4421134366850275,17.100419521331787
18,7.2,52.0,48.0,11.0,32.0,91.0,10.0,8.0,7.0,58.437,62.906,62.906,8922.0,3571.0,0.4448715555950341,18.09973955154419
19,7.1,38.0,74.0,9.0,13.0,55.0,14.0,53.0,5.0,58.562,61.812,62.625,9003.0,3250.0,0.445412749725286,19.104427337646484
20,33.1,88.0,11.0,13.0,17.0,14.0,11.0,100.0,10.0,58.687,61.937,62.812,8922.0,3451.0,0.447046811670431,20.11283230781555
21,30.5,26.0,32.0,25.0,39.0,20.0,21.0,100.0,48.0,58.5,62.281,62.75,9244.0,3685.0,0.44951449721593173,21.11484122276306
22,0.0,14.0,7.0,9.0,8.0,16.0,13.0,100.0,18.0,58.656,61.906,62.812,8131.0,2688.0,0.4534296088331665,22.138898134231567
23,49.9,34.0,38.0,30.0,38.0,35.0,25.0,100.0,22.0,58.687,61.906,62.812,8842.0,2969.0,0.44838769560587294,23.142029285430908
24,0.0,17.0,24.0,20.0,20.0,13.0,8.0,100.0,11.0,58.437,61.812,62.718,7930.0,2327.0,0.4486756338383813,24.19890809059143
25,0.0,20.0,14.0,8.0,16.0,10.0,6.0,100.0,4.0,58.437,61.812,62.75,8010.0,2528.0,0.4520255980581885,25.13576650619507
26,0.0,10.0,17.0,18.0,13.0,4.0,5.0,100.0,3.0,58.875,61.781,62.687,7890.0,2487.0,0.45182773409078886,26.129205226898193
27,0.0,20.0,10.0,12.0,13.0,7.0,4.0,100.0,6.0,58.5,61.781,62.718,7930.0,2608.0,0.4486644057443927,27.13827657699585
28,0.0,16.0,11.0,14.0,18.0,4.0,4.0,100.0,3.0,58.5,62.156,62.687,7930.0,2648.0,0.44949827885794813,28.135765075683594
29,0.0,9.0,9.0,18.0,18.0,6.0,4.0,100.0,4.0,58.343,61.937,62.687,8091.0,2367.0,0.44982539066281685,29.14409852027893
30,0.0,8.0,10.0,17.0,14.0,9.0,5.0,100.0,9.0,58.437,61.812,62.875,7769.0,2287.0,0.45063306489039884,30.140650510787964
31,0.0,11.0,11.0,16.0,16.0,7.0,4.0,100.0,6.0,58.625,62.0,62.812,8051.0,2688.0,0.45203807371817584,31.133345365524292
32,0.0,20.0,13.0,17.0,10.0,3.0,5.0,100.0,4.0,58.531,62.0,62.781,7930.0,2648.0,0.4535493751690452,32.147207736968994
33,0.0,12.0,13.0,12.0,23.0,19.0,6.0,57.0,46.0,58.625,62.031,62.656,7407.0,2130.0,0.45368286473091,33.154706954956055
34,0.0,12.0,18.0,26.0,48.0,28.0,12.0,19.0,45.0,58.406,61.656,62.812,7165.0,1929.0,0.45441718207776627,34.14623022079468
35,0.0,32.0,13.0,17.0,74.0,32.0,8.0,14.0,12.0,58.468,61.5,62.718,7085.0,1889.0,0.45547287242589707,35.156383991241455
36,0.0,38.0,26.0,34.0,39.0,28.0,14.0,22.0,18.0,58.468,61.468,62.781,7165.0,1929.0,0.4557136526636532,36.15105938911438
37,0.0,26.0,15.0,40.0,62.0,37.0,11.0,17.0,8.0,58.281,61.406,62.718,7165.0,1929.0,0.45336673150683016,37.167819023132324
38,0.0,28.0,23.0,63.0,25.0,33.0,14.0,11.0,18.0,58.437,61.375,62.718,7125.0,1929.0,0.4543408310386436,38.16468691825867
39,0.0,20.0,25.0,20.0,77.0,30.0,14.0,11.0,10.0,58.781,61.531,62.781,7125.0,1889.0,0.45524132417653157,39.18623685836792
40,0.0,26.0,16.0,73.0,17.0,34.0,14.0,12.0,21.0,58.468,61.5,62.812,7407.0,2130.0,0.455569683547399,40.16295886039734
41,0.0,7.0,3.0,100.0,5.0,13.0,10.0,13.0,21.0,58.375,61.75,62.687,7769.0,2487.0,0.4569138111544377,41.16436171531677
42,0.0,7.0,14.0,100.0,12.0,17.0,9.0,17.0,8.0,58.812,61.656,62.625,7890.0,2688.0,0.4573454689900005,42.15350008010864
43,0.0,6.0,12.0,100.0,5.0,12.0,17.0,10.0,8.0,58.625,61.75,62.687,7809.0,2648.0,0.4571353788758133,43.139758348464966
44,0.0,12.0,11.0,100.0,7.0,10.0,16.0,10.0,11.0,58.687,61.812,62.718,7890.0,2728.0,0.4566256234087296,44.157060623168945
45,0.0,5.0,6.0,100.0,11.0,14.0,10.0,9.0,14.0,58.562,62.031,62.906,7849.0,2648.0,0.45710344118624563,45.137629985809326
46,0.0,10.0,10.0,100.0,11.0,14.0,12.0,11.0,10.0,58.437,61.718,62.812,7849.0,2648.0,0.45749392934385014,46.15964651107788
47,0.0,15.0,20.0,10.0,11.0,6.0,13.0,87.0,4.0,58.625,62.062,62.625,7970.0,2648.0,0.45617799672838294,47.17385649681091
48,10.6,17.0,23.0,30.0,25.0,11.0,15.0,100.0,10.0,58.656,62.562,62.937,8922.0,3330.0,0.45702160085672855,48.175788164138794
49,0.0,13.0,18.0,21.0,22.0,9.0,14.0,100.0,12.0,58.593,61.843,62.781,8212.0,2568.0,0.4567788245133744,49.174331188201904
50,0.0,18.0,26.0,19.0,19.0,4.0,4.0,100.0,5.0,58.5,61.625,62.687,8051.0,2327.0,0.4570927121186565,50.18921256065369
51,0.0,11.0,12.0,13.0,25.0,5.0,4.0,100.0,5.0,58.531,62.062,62.718,8091.0,2648.0,0.45717405342177414,51.16343641281128
52,0.0,15.0,18.0,19.0,15.0,5.0,4.0,100.0,6.0,58.468,62.218,62.75,8252.0,2808.0,0.457275854807271,52.18288230895996
53,0.0,14.0,15.0,14.0,18.0,6.0,4.0,100.0,5.0,58.718,62.125,62.781,8091.0,2688.0,0.4570443065579055,53.194780588150024
54,0.0,30.0,16.0,13.0,15.0,5.0,4.0,100.0,8.0,58.562,62.125,62.968,8252.0,2808.0,0.4569764389675743,54.191359519958496
55,0.0,10.0,18.0,6.0,26.0,9.0,10.0,90.0,8.0,58.906,62.125,62.906,7970.0,2407.0,0.4615719730805199,55.186503171920776
56,0.0,19.0,17.0,17.0,16.0,5.0,5.0,100.0,8.0,58.781,61.781,62.843,8091.0,2367.0,0.4611033872913945,56.19571256637573
57,0.0,43.0,11.0,26.0,52.0,13.0,48.0,100.0,5.0,58.468,62.375,62.812,8373.0,3049.0,0.4622516470366315,57.1757709980011
58,0.0,100.0,18.0,26.0,100.0,23.0,100.0,100.0,11.0,58.781,62.406,62.843,8816.0,3491.0,0.4629350636907394,58.168049335479736
59,0.0,100.0,20.0,16.0,100.0,23.0,100.0,100.0,11.0,58.875,62.281,62.906,8735.0,3451.0,0.46375646114430746,59.17806839942932
60,0.0,99.0,15.0,19.0,100.0,27.0,100.0,100.0,9.0,58.906,62.312,62.875,8816.0,3531.0,0.46413397461552514,60.165831565856934
61,0.0,13.0,17.0,23.0,15.0,100.0,9.0,7.0,5.0,58.718,62.593,62.843,8010.0,2688.0,0.46478769919886304,61.215296506881714
62,0.0,7.0,19.0,33.0,12.0,100.0,11.0,5.0,3.0,58.687,62.031,63.031,8171.0,2447.0,0.46743578278778103,62.223360776901245
63,0.0,17.0,13.0,22.0,14.0,100.0,8.0,7.0,5.0,58.593,62.0,62.812,7729.0,2166.0,0.4640451479164151,63.210426568984985
64,0.0,28.0,24.0,21.0,20.0,30.0,25.0,45.0,66.0,58.906,61.906,62.875,7729.0,2207.0,0.47928017437978504,64.20253443717957
65,61.8,35.0,38.0,47.0,43.0,37.0,24.0,41.0,24.0,58.875,61.906,62.781,8332.0,2728.0,0.4751584658331595,65.3028712272644
66,3.8,70.0,23.0,19.0,38.0,35.0,18.0,33.0,20.0,58.843,61.843,62.937,8051.0,2487.0,0.5131640669054675,66.22390961647034
67,5.6,24.0,15.0,25.0,22.0,19.0,41.0,57.0,16.0,59.062,61.75,62.843,8373.0,2528.0,0.5869912800126952,67.23263049125671
68,99.7,31.0,16.0,11.0,11.0,15.0,78.0,18.0,4.0,62.406,62.0,63.031,15384.0,8877.0,0.5899135786081355,68.2185926437378
69,99.4,15.0,16.0,26.0,16.0,10.0,91.0,8.0,13.0,61.562,62.531,63.312,12560.0,6030.0,0.6675620863694931,69.22394490242004
70,91.1,22.0,24.0,17.0,14.0,38.0,23.0,12.0,15.0,60.531,62.437,63.187,12640.0,5591.0,0.6730937940078906,70.22411131858826
71,99.2,22.0,28.0,33.0,23.0,42.0,34.0,25.0,33.0,60.937,62.718,63.343,13041.0,5950.0,0.6813898583862884,71.19999313354492
72,97.1,18.0,14.0,36.0,24.0,28.0,19.0,10.0,9.0,61.25,62.937,63.5,14342.0,5980.0,0.6811218812097598,72.23347616195679
73,99.8,16.0,18.0,17.0,20.0,24.0,40.0,14.0,14.0,61.0,62.968,63.562,14623.0,5861.0,0.6817628806199105,73.22693657875061
74,50.9,31.0,32.0,8.0,14.0,20.0,16.0,11.0,17.0,61.406,63.375,63.656,14382.0,5701.0,0.6826197089478427,74.25149345397949
75,21.9,22.0,23.0,14.0,44.0,14.0,19.0,16.0,18.0,61.312,63.25,63.906,14423.0,5781.0,0.6826661184029957,75.25065970420837
76,47.8,45.0,14.0,17.0,19.0,16.0,27.0,19.0,11.0,61.812,63.312,64.0,14102.0,5582.0,0.6824789835031853,76.24560236930847
77,72.2,17.0,29.0,38.0,16.0,15.0,29.0,13.0,13.0,62.406,63.562,64.031,14783.0,5940.0,0.6830506182438063,77.25961256027222
78,99.9,12.0,23.0,12.0,19.0,25.0,25.0,33.0,11.0,62.437,63.906,64.312,15024.0,6060.0,0.682826804903633,78.2482602596283
79,99.8,30.0,22.0,14.0,9.0,25.0,27.0,20.0,14.0,62.75,64.0,64.281,15544.0,6419.0,0.6830581036397988,79.25138115882874
80,82.3,19.0,23.0,8.0,14.0,14.0,26.0,39.0,9.0,62.406,64.062,64.375,15184.0,6140.0,0.6829460722131122,80.22499418258667
81,99.6,18.0,19.0,11.0,11.0,20.0,35.0,27.0,25.0,62.593,64.062,64.468,15184.0,6180.0,0.6832447395132097,81.24306964874268
82,99.6,15.0,18.0,11.0,19.0,17.0,53.0,14.0,20.0,63.187,64.562,64.625,15384.0,6339.0,0.6833984396442541,82.22065424919128
83,91.6,20.0,15.0,18.0,22.0,15.0,13.0,46.0,20.0,62.468,64.125,64.5,15344.0,6419.0,0.6836329820520165,83.26089715957642
84,99.5,16.0,22.0,11.0,18.0,29.0,38.0,20.0,7.0,62.406,64.281,64.656,15064.0,6060.0,0.6835271884553237,84.25530290603638
85,99.7,52.0,13.0,11.0,11.0,28.0,16.0,17.0,22.0,62.468,64.562,64.687,14623.0,5861.0,0.6835833289252669,85.25530481338501
86,62.6,16.0,17.0,11.0,44.0,11.0,13.0,21.0,23.0,62.343,64.281,64.75,14382.0,5661.0,0.6828724658191868,86.25053215026855
87,45.9,13.0,23.0,29.0,14.0,31.0,29.0,23.0,24.0,63.156,64.75,65.031,14783.0,6140.0,0.6826242001854382,87.19545817375183
88,99.0,21.0,29.0,42.0,21.0,28.0,32.0,27.0,23.0,63.531,65.031,65.218,15464.0,6409.0,0.6796013477704997,88.34810733795166
89,91.4,32.0,15.0,14.0,30.0,25.0,27.0,24.0,13.0,63.531,64.875,65.125,15640.0,6528.0,0.6798832976862142,89.27986121177673
90,99.3,15.0,15.0,18.0,16.0,15.0,37.0,33.0,11.0,63.25,64.812,65.187,14903.0,5980.0,0.679487569751415,90.2758777141571
91,83.2,21.0,30.0,11.0,10.0,14.0,32.0,38.0,17.0,64.218,65.25,65.187,15680.0,6568.0,0.6796190632076818,91.27956652641296
92,99.2,16.0,22.0,13.0,20.0,15.0,50.0,16.0,23.0,63.593,65.031,65.5,15384.0,6419.0,0.6800170367612788,92.26421904563904
93,98.9,13.0,16.0,26.0,11.0,29.0,22.0,29.0,43.0,63.468,65.281,65.562,15224.0,6379.0,0.6795861274653152,93.28387355804443
94,95.1,35.0,22.0,24.0,16.0,33.0,32.0,27.0,18.0,63.468,65.281,65.531,14342.0,5741.0,0.6798081942130902,94.28334593772888
95,99.4,20.0,31.0,14.0,22.0,35.0,29.0,34.0,19.0,64.093,65.781,65.781,15344.0,6299.0,0.6799055043609917,95.29258513450623
96,91.9,35.0,24.0,16.0,16.0,23.0,15.0,23.0,17.0,64.406,65.5,65.781,15184.0,6180.0,0.6795354762857665,96.29471802711487
97,99.1,20.0,28.0,11.0,9.0,18.0,38.0,21.0,26.0,64.625,65.593,65.718,15960.0,6647.0,0.6805295368735597,97.26204872131348
98,99.3,16.0,14.0,12.0,29.0,25.0,10.0,42.0,18.0,64.281,65.531,65.906,15680.0,6488.0,0.680589420041499,98.30521154403687
99,87.2,24.0,19.0,17.0,13.0,26.0,20.0,23.0,40.0,64.25,65.593,65.875,15424.0,6299.0,0.6805484998767405,99.27680230140686
100,99.5,13.0,17.0,32.0,25.0,29.0,24.0,16.0,19.0,64.093,65.5,65.843,15224.0,6220.0,0.6804596731776305,100.28939318656921
101,99.2,18.0,17.0,11.0,20.0,44.0,20.0,27.0,19.0,64.562,65.718,65.906,15464.0,6448.0,0.680590418094298,101.2581729888916
102,96.9,21.0,22.0,22.0,10.0,22.0,15.0,35.0,17.0,64.156,65.718,66.0,15224.0,6299.0,0.680178721314715,102.2919545173645
103,99.5,47.0,13.0,14.0,21.0,23.0,17.0,25.0,13.0,64.031,66.0,66.187,15264.0,6180.0,0.6798396328762584,103.29905986785889
104,93.9,19.0,21.0,27.0,34.0,22.0,12.0,19.0,18.0,64.187,65.968,66.343,14903.0,5980.0,0.6801662456547276,104.38172054290771
105,44.6,10.0,19.0,18.0,37.0,25.0,35.0,12.0,20.0,64.375,65.937,66.343,14783.0,5980.0,0.6805689599591198,105.25286364555359
106,67.7,36.0,12.0,15.0,21.0,18.0,31.0,21.0,20.0,64.125,65.906,66.375,14663.0,5861.0,0.6807608356097254,106.25593137741089
107,99.3,23.0,17.0,11.0,17.0,17.0,29.0,36.0,14.0,65.187,66.437,66.437,15640.0,6448.0,0.6811787702193022,107.31757092475891
108,99.0,15.0,44.0,21.0,24.0,23.0,32.0,39.0,21.0,65.187,66.5,66.5,16840.0,7364.0,0.6820548110636149,108.27596378326416
109,70.0,35.0,29.0,17.0,17.0,36.0,26.0,14.0,20.0,64.687,66.312,66.5,15344.0,6259.0,0.6817633796463101,109.32481145858765
110,99.2,19.0,18.0,16.0,22.0,23.0,48.0,22.0,26.0,65.718,66.531,66.718,15920.0,6807.0,0.6817633796463101,110.32738089561462
111,99.3,20.0,17.0,29.0,20.0,14.0,18.0,50.0,11.0,64.468,66.25,66.593,15504.0,6488.0,0.6818227637878499,111.25894832611084
112,97.4,24.0,15.0,14.0,21.0,16.0,35.0,31.0,16.0,65.156,66.781,66.781,15640.0,6528.0,0.6815752466937006,112.29424858093262
113,40.0,43.0,17.0,21.0,16.0,23.0,18.0,22.0,14.0,65.0,66.343,66.875,14543.0,5821.0,0.6811515732805297,113.32566976547241
114,45.5,45.0,22.0,15.0,24.0,14.0,26.0,28.0,13.0,65.531,66.406,66.906,15104.0,6339.0,0.681473195795004,114.32461714744568
115,76.7,20.0,11.0,21.0,21.0,23.0,35.0,17.0,18.0,65.843,66.656,66.937,15384.0,6289.0,0.6817935707434795,115.3389630317688
116,99.6,22.0,26.0,13.0,34.0,23.0,16.0,39.0,16.0,65.687,66.718,66.937,15680.0,6528.0,0.6819300544637412,116.28995275497437
117,83.7,19.0,26.0,39.0,20.0,19.0,24.0,9.0,11.0,65.218,66.968,66.906,15264.0,6220.0,0.6818813993897905,117.32717847824097
118,74.6,25.0,21.0,22.0,20.0,32.0,33.0,17.0,28.0,65.187,66.812,67.062,14583.0,5980.0,0.6817576408427158,118.301518201828
119,48.6,26.0,29.0,27.0,22.0,17.0,12.0,40.0,23.0,65.531,66.875,67.062,14903.0,6140.0,0.6819492669801218,119.32690405845642
120,63.5,30.0,25.0,22.0,18.0,18.0,33.0,19.0,14.0,65.718,67.0,67.187,14943.0,6220.0,0.6821019690583672,120.4235532283783
121,50.4,29.0,17.0,15.0,18.0,27.0,14.0,39.0,26.0,65.0,67.062,67.343,14903.0,6060.0,0.6824148586108503,121.33665585517883
122,65.7,19.0,24.0,16.0,18.0,23.0,37.0,29.0,24.0,65.906,67.0,67.156,15184.0,6259.0,0.6825361220259274,122.31797528266907
123,89.8,49.0,22.0,13.0,14.0,20.0,20.0,17.0,12.0,66.375,67.125,67.343,15264.0,6220.0,0.6826556388486064,123.34405541419983
124,99.8,16.0,29.0,35.0,16.0,30.0,17.0,23.0,20.0,66.093,67.343,67.375,15760.0,6528.0,0.6826596310598023,124.35543727874756
125,99.6,11.0,22.0,48.0,14.0,20.0,16.0,17.0,27.0,65.812,67.156,67.437,15264.0,6220.0,0.682689572643772,125.27501916885376
126,99.6,15.0,23.0,13.0,25.0,17.0,24.0,36.0,17.0,66.437,67.437,67.531,15920.0,6767.0,0.6825321298147314,126.26498627662659
127,99.2,19.0,21.0,22.0,18.0,26.0,15.0,40.0,13.0,65.906,67.593,67.593,15760.0,6687.0,0.6826159662498466,127.30850100517273
128,99.5,25.0,21.0,22.0,18.0,18.0,47.0,16.0,14.0,65.312,67.718,67.718,15600.0,6488.0,0.6826394204906228,128.35416555404663
129,49.6,9.0,30.0,15.0,11.0,19.0,27.0,25.0,37.0,65.468,67.437,67.593,15144.0,6180.0,0.6827639275772966,129.34233593940735
130,36.1,24.0,28.0,15.0,19.0,30.0,25.0,18.0,25.0,65.625,67.406,67.718,14943.0,6100.0,0.6821955365082724,130.36918210983276
131,45.8,18.0,36.0,13.0,14.0,34.0,29.0,25.0,15.0,65.781,67.25,67.812,14703.0,5940.0,0.681658833615616,131.33343386650085
132,76.8,15.0,23.0,18.0,15.0,21.0,14.0,40.0,22.0,66.218,67.531,67.75,15344.0,6329.0,0.6820530644712166,132.37100839614868
133,99.8,18.0,22.0,14.0,17.0,33.0,20.0,39.0,20.0,66.468,67.812,67.875,15440.0,6409.0,0.6821403940911283,133.32459545135498
134,99.7,22.0,16.0,21.0,17.0,25.0,39.0,21.0,18.0,66.593,67.781,67.843,15560.0,6448.0,0.6822479342802192,134.45551872253418
135,99.9,20.0,25.0,20.0,17.0,15.0,23.0,32.0,47.0,66.031,67.625,67.906,15384.0,6299.0,0.6826538922562081,135.36064410209656
136,79.4,19.0,23.0,16.0,18.0,19.0,38.0,19.0,31.0,66.843,68.031,68.093,15840.0,6647.0,0.6827374791781234,136.35590291023254
137,79.9,13.0,30.0,38.0,19.0,11.0,35.0,22.0,15.0,66.0,67.718,68.093,15520.0,6568.0,0.6828604891855989,137.34957718849182
138,92.2,25.0,23.0,23.0,24.0,20.0,19.0,9.0,44.0,66.406,67.906,68.156,15560.0,6488.0,0.6829455731867127,138.3760175704956
139,19.9,22.0,18.0,18.0,22.0,33.0,28.0,14.0,28.0,65.906,67.843,68.062,14863.0,6020.0,0.6830259164370314,139.38621187210083
140,43.4,30.0,28.0,16.0,18.0,23.0,25.0,20.0,21.0,66.093,67.562,68.156,14623.0,6020.0,0.6831935893072615,140.36508965492249
141,46.7,43.0,27.0,11.0,20.0,28.0,31.0,17.0,16.0,66.343,67.718,68.156,14823.0,5980.0,0.6830528638626041,141.31515336036682
142,98.6,21.0,33.0,24.0,19.0,37.0,16.0,28.0,26.0,66.031,67.937,68.25,14583.0,5980.0,0.683131959546924,142.3724799156189
143,85.6,46.0,21.0,19.0,21.0,37.0,27.0,23.0,17.0,67.125,68.0,68.187,15440.0,6448.0,0.683172380685283,143.39648294448853
144,99.4,39.0,35.0,16.0,12.0,31.0,18.0,33.0,12.0,66.562,68.218,68.281,15384.0,6409.0,0.6832270240760276,144.39821863174438
145,99.8,35.0,19.0,16.0,33.0,14.0,21.0,23.0,17.0,66.406,68.343,68.281,15560.0,6409.0,0.6832030708088519,145.34306931495667
146,40.0,45.0,13.0,24.0,19.0,33.0,18.0,21.0,19.0,66.593,67.968,68.343,15184.0,6140.0,0.6834653091817864,146.3993375301361
147,47.4,33.0,31.0,14.0,16.0,31.0,34.0,19.0,20.0,66.468,68.093,68.531,15024.0,6060.0,0.6834535820613982,147.41158747673035
148,99.8,17.0,29.0,14.0,22.0,25.0,45.0,11.0,17.0,67.281,68.437,68.437,15440.0,6329.0,0.6835269389421239,148.37614583969116
149,84.8,21.0,24.0,23.0,20.0,29.0,29.0,33.0,16.0,67.187,68.437,68.468,15600.0,6448.0,0.6835468999981037,149.39013195037842
150,53.1,17.0,17.0,22.0,26.0,24.0,39.0,21.0,14.0,67.125,68.437,68.562,15600.0,6409.0,0.6835603737108901,150.31792616844177
151,99.5,28.0,18.0,20.0,37.0,35.0,29.0,30.0,39.0,67.343,68.687,68.687,15560.0,6608.0,0.6836918671671569,151.3462336063385
152,99.5,19.0,16.0,13.0,15.0,26.0,41.0,27.0,25.0,67.656,68.531,68.656,15880.0,6767.0,0.6838488109697979,152.37733054161072
153,99.8,22.0,24.0,12.0,18.0,21.0,45.0,17.0,21.0,66.812,68.75,68.75,15840.0,6608.0,0.6840212245908233,153.41556024551392
154,92.7,18.0,24.0,15.0,15.0,21.0,46.0,28.0,29.0,66.687,68.531,68.906,15480.0,6448.0,0.6838800001197664,154.3743875026703
155,25.5,13.0,29.0,22.0,25.0,18.0,51.0,16.0,34.0,67.062,68.687,68.937,14943.0,6060.0,0.6839199222317259,155.36329126358032
156,32.7,27.0,19.0,16.0,37.0,21.0,20.0,27.0,17.0,67.156,68.5,68.843,14903.0,6140.0,0.6839518599212936,156.41892385482788
157,49.9,17.0,23.0,22.0,17.0,31.0,31.0,33.0,23.0,67.25,68.468,68.875,14823.0,6100.0,0.6840159848136286,157.42038464546204
158,57.2,28.0,22.0,11.0,17.0,31.0,27.0,24.0,18.0,67.343,68.812,68.875,15064.0,6100.0,0.6839763122148688,158.48697590827942
159,99.8,25.0,27.0,23.0,22.0,24.0,33.0,15.0,27.0,67.937,68.906,68.906,16240.0,7006.0,0.6839328969181128,159.45760560035706
160,91.2,38.0,26.0,15.0,20.0,32.0,25.0,25.0,21.0,67.656,68.906,69.0,15760.0,6608.0,0.684048172016396,160.33083581924438
161,4.2,28.0,22.0,19.0,14.0,33.0,31.0,24.0,25.0,68.0,69.156,69.218,15880.0,6687.0,0.683406424066646,161.36263704299927
162,99.4,17.0,29.0,22.0,19.0,24.0,47.0,16.0,18.0,67.468,68.906,69.093,15840.0,6727.0,0.6835204515989305,162.4298596382141
163,89.0,21.0,24.0,42.0,17.0,28.0,21.0,25.0,17.0,66.906,68.906,69.062,15920.0,6687.0,0.6837801948398674,163.41546320915222
164,30.2,21.0,22.0,28.0,19.0,26.0,24.0,24.0,29.0,67.125,68.75,69.125,15104.0,6140.0,0.6837372785695108,164.3377764225006
165,45.1,13.0,17.0,26.0,24.0,28.0,37.0,22.0,20.0,67.687,68.875,69.218,15024.0,6220.0,0.684049170069195,165.3560667037964
166,37.2,51.0,32.0,26.0,28.0,28.0,56.0,17.0,31.0,65.687,68.781,69.125,10369.0,3685.0,0.6595058041760525,166.4246277809143
167,0.0,100.0,19.0,20.0,16.0,29.0,36.0,28.0,26.0,65.093,68.062,68.875,8574.0,2728.0,0.6598571187612967,167.30160808563232
